Year,Code,Region,Standard_domestic_meters_thousands,E7_domestic_meters_thousands,Domestic_meters_thouasands,Non_domestic_meters_thousands,All_meters_thousands,Standard_domestic_consumption_GWh,E7_domestic_consumption_GWh,Domestic_consumption_GWh,Non_domestic_consumption_GWh,All_consumption_GWh,Standard_domestic_mean_consumption_KWh,E7_domestic_mean_consumption_KWh_per_meter,Domestic_mean_consumption_KWh_per_meter,Non_domestic_mean_consumption_KWh_per_meter,All_mean_consumption_kWh_per_meter,Standard_domestic_median_consumption_kWh_per_meter,E7_domestic_median_consumption_kWh_per_meter,Domestic_median_consumption_kWh_per_meter,Non_domestic_median_consumption_kWh_per_meter,All_median_consumption_kWh_per_meter,Domestic_mean_consumption_kWh_per_household
2005,K03000001,Great Britain,,,25948.94,2446.01,28394.95,,,119424.9043,200889.4664,320314.3707,,,4602.303766,82129.45427,11280.68092,,,,,,
2005,E92000001,England,,,21929.97,2069.524,23999.494,,,101267.4406,166681.4599,267948.9005,,,4617.764666,80540.96494,11164.77291,,,,,,
2005,E12000001,North East,,,1170.117,82.182,1252.299,,,4548.256908,9348.763511,13897.02042,,,3887.010366,113756.8264,11097.20635,,,,,,
2005,E12000002,North West,,,2910.574,236.806,3147.38,,,13177.29872,23114.72753,36292.02625,,,4527.388316,97610.39639,11530.86893,,,,,,
2005,E12000003,Yorkshire and The Humber,,,2269.004,181.093,2450.097,,,9803.55054,17032.07064,26835.62118,,,4320.640484,94051.51298,10952.88112,,,,,,
2005,E12000004,East Midlands,,,1911.397,161.378,2072.775,,,8643.940705,15294.27905,23938.21975,,,4522.315723,94773.0115,11548.87518,,,,,,
2005,E12000005,West Midlands,,,2130.54,186.592,2317.132,,,10315.15396,16938.70726,27253.86122,,,4841.567846,90779.38635,11761.89411,,,,,,
2005,E12000006,East,,,2440.146,218.023,2658.169,,,12081.15933,17191.93829,29273.09763,,,4950.998561,78853.78282,11012.50433,,,,,,
2005,E12000007,London,,,3248.592,421.08,3669.672,,,13885.20594,27549.65127,41434.85721,,,4274.222782,65426.16907,11291.16096,,,,,,
2005,E12000008,South East,,,3551.823,339.902,3891.725,,,17357.61265,24399.76822,41757.38087,,,4886.958794,71784.71508,10729.78714,,,,,,
2005,E12000009,South West,,,2297.777,242.468,2540.245,,,11455.26185,15811.55415,27266.816,,,4985.367098,65210.89029,10733.93157,,,,,,
2005,W92000004,Wales,,,1316.723,128.443,1445.166,,,5655.512524,11911.63513,17567.14765,,,4295.142201,92738.68662,12155.79916,,,,,,
2005,S92000003,Scotland,,,2675.722,227.345,2903.067,,,12391.50234,17113.81955,29505.3219,,,4631.087364,75276.86799,10163.50015,,,,,,
2005,Unallocated,Unallocated,,,26.525,20.698,47.223,,,110.4488052,5182.551827,5293.000633,,,4163.951186,250389.0148,112085.2261,,,,,,
2006,K03000001,Great Britain,,,26433.816,2440.644,28874.46,,,117816.5034,200015.2753,317831.7787,,,4457.037281,81951.84359,11007.36702,,,,,,
2006,E92000001,England,,,22389.068,2080.7,24469.768,,,100011.8752,168500.0172,268511.8924,,,4466.995911,80982.36995,10973.20957,,,,,,
2006,E12000001,North East,,,1173.785,82.412,1256.197,,,4494.073764,9314.657385,13808.73115,,,3828.702671,113025.4985,10992.48856,,,,,,
2006,E12000002,North West,,,3064.163,242.567,3306.73,,,13110.64818,23354.8226,36465.47078,,,4278.704553,96281.9452,11027.65293,,,,,,
2006,E12000003,Yorkshire and The Humber,,,2272.753,179.54,2452.293,,,9564.316057,17157.17633,26721.49239,,,4208.251428,95561.85991,10896.53332,,,,,,
2006,E12000004,East Midlands,,,1927.675,161.288,2088.963,,,8510.221412,14989.14741,23499.36882,,,4414.759444,92934.05219,11249.29873,,,,,,
2006,E12000005,West Midlands,,,2324.807,200.926,2525.733,,,10436.20647,17299.68018,27735.88665,,,4489.063597,86099.75902,10981.32172,,,,,,
2006,E12000006,East,,,2456.868,217.366,2674.234,,,11973.36063,16827.18554,28800.54617,,,4873.424472,77414.06448,10769.64326,,,,,,
2006,E12000007,London,,,3267.367,415.439,3682.806,,,13700.84557,29142.52349,42843.36906,,,4193.237421,70148.74263,11633.34943,,,,,,
2006,E12000008,South East,,,3564.967,337.106,3902.073,,,17041.13131,24632.00673,41673.13803,,,4780.165232,73069.02495,10679.74331,,,,,,
2006,E12000009,South West,,,2336.683,244.056,2580.739,,,11181.07181,15782.8175,26963.88931,,,4785.018682,64668.83624,10448.12719,,,,,,
2006,W92000004,Wales,,,1328.494,125.084,1453.578,,,5599.776991,11794.25746,17394.03445,,,4215.131563,94290.69629,11966.35781,,,,,,
2006,S92000003,Scotland,,,2695.935,225.006,2920.941,,,12116.55806,17310.74638,29427.30444,,,4494.380636,76934.59897,10074.59734,,,,,,
2006,Unallocated,Unallocated,,,20.319,9.854,30.173,,,88.2931389,2410.254354,2498.547493,,,4345.348634,244596.5449,82807.39378,,,,,,
2007,K03000001,Great Britain,,,26670.293,2434.873,29105.166,,,117126.2088,192543.2577,309669.4665,,,4391.635621,79077.33081,10639.67361,,,,,,4662
2007,E92000001,England,,,22613.229,2070.839,24684.068,,,99597.76349,161666.9335,261264.697,,,4404.402551,78068.32568,10584.34521,,,,,,4627
2007,E12000001,North East,,,1184.236,81.974,1266.21,,,4429.838138,8912.31705,13342.15519,,,3740.671739,108721.2659,10537.07931,,,,,,4010
2007,E12000002,North West,,,3108.904,243.374,3352.278,,,13138.79606,22213.93866,35352.73472,,,4226.182622,91274.90473,10545.88394,,,,,,4498
2007,E12000003,Yorkshire and The Humber,,,2298.064,178.936,2477,,,9376.592434,16082.83551,25459.42794,,,4080.213795,89880.37907,10278.33183,,,,,,4294
2007,E12000004,East Midlands,,,1957.139,161.265,2118.404,,,8517.647309,14119.57977,22637.22708,,,4352.091144,87555.14072,10685.98203,,,,,,4607
2007,E12000005,West Midlands,,,2347.907,199.737,2547.644,,,10407.20893,16557.74455,26964.95348,,,4432.547342,82897.73327,10584.2706,,,,,,4677
2007,E12000006,East,,,2488.814,217.407,2706.221,,,11933.83748,16323.56238,28257.39986,,,4794.989695,75082.96595,10441.64533,,,,,,5035
2007,E12000007,London,,,3310.019,412.522,3722.541,,,13773.69572,28423.36995,42197.06567,,,4161.213491,68901.46452,11335.55431,,,,,,4293
2007,E12000008,South East,,,3581.401,332.954,3914.355,,,16980.74938,23805.83933,40786.58871,,,4741.370592,71498.88371,10419.74698,,,,,,4931
2007,E12000009,South West,,,2336.745,242.67,2579.415,,,11039.39803,15227.74629,26267.14432,,,4724.263038,62750.83976,10183.37271,,,,,,4968
2007,W92000004,Wales,,,1303.048,124.182,1427.23,,,5398.913634,11233.716,16632.62963,,,4143.296052,90461.70943,11653.78365,,,,,,4209
2007,S92000003,Scotland,,,2720.96,224.814,2945.774,,,12001.26829,16961.18147,28962.44976,,,4410.674279,75445.39695,9831.864141,,,,,,5186
2007,Unallocated,Unallocated,,,33.056,15.038,48.094,,,128.2633639,2681.426748,2809.690112,,,3880.184048,178310.0644,58420.80326,,,,,,
2008,K03000001,Great Britain,,,26805.185,2406.94,29212.125,,,112530.4945,192094.4772,304624.9717,,,4198.086843,79808.58568,10428.03191,,,,,,4437
2008,E92000001,England,,,22671.234,2045.532,24716.766,,,95416.74525,160645.6044,256062.3497,,,4208.714235,78534.87719,10359.86462,,,,,,4391
2008,E12000001,North East,,,1178.447,81.044,1259.491,,,4223.665105,8537.390193,12761.0553,,,3584.09424,105342.6558,10131.91464,,,,,,3799
2008,E12000002,North West,,,3063.101,235.172,3298.273,,,12417.12223,22151.34855,34568.47078,,,4053.774991,94192.11705,10480.77912,,,,,,4231
2008,E12000003,Yorkshire and The Humber,,,2303.828,177.55,2481.378,,,8899.500465,16350.45923,25249.9597,,,3862.918788,92089.32262,10175.78124,,,,,,4040
2008,E12000004,East Midlands,,,1957.671,157.227,2114.898,,,8095.484989,14180.39788,22275.88287,,,4135.263274,90190.60262,10532.84029,,,,,,4333
2008,E12000005,West Midlands,,,2339.073,195.774,2534.847,,,9902.674425,15946.38998,25849.0644,,,4233.5893,81453.0529,10197.48506,,,,,,4418
2008,E12000006,East,,,2494.491,213.749,2708.24,,,11321.17091,16201.27011,27522.44101,,,4538.469334,75795.7703,10162.48228,,,,,,4706
2008,E12000007,London,,,3327.063,406.307,3733.37,,,13410.03818,28403.93148,41813.96966,,,4030.593402,69907.56123,11200.06044,,,,,,4133
2008,E12000008,South East,,,3634.666,332.609,3967.275,,,16513.2827,23942.6125,40455.89521,,,4543.273771,71984.25931,10197.40129,,,,,,4745
2008,E12000009,South West,,,2372.894,246.1,2618.994,,,10633.80625,14931.8045,25565.61075,,,4481.365898,60673.72814,9761.614859,,,,,,4746
2008,W92000004,Wales,,,1338.548,122.895,1461.443,,,5307.163551,10959.98366,16267.14721,,,3964.866072,89181.68888,11130.88037,,,,,,4094
2008,S92000003,Scotland,,,2732.904,220.989,2953.893,,,11577.66503,16732.39707,28310.0621,,,4236.396533,75715.97261,9583.983611,,,,,,4964
2008,Unallocated,Unallocated,,,62.499,17.524,80.023,,,228.9206482,3756.492067,3985.412715,,,3662.788976,214362.7064,49803.34047,,,,,,
2009,K03000001,Great Britain,,,27046.86,2399.425,29446.285,,,112289.2578,182986.0585,295275.3163,,,4151.65597,76262.46226,10027.59147,,,,,,4391
2009,E92000001,England,,,22886.268,2029.499,24915.767,,,95267.40811,152077.5465,247344.9546,,,4162.644958,74933.54099,9927.246254,,,,,,4347
2009,E12000001,North East,,,1187.384,80.491,1267.875,,,4241.089505,7792.93737,12034.02687,,,3571.792701,96817.49973,9491.493148,,,,,,3792
2009,E12000002,North West,,,3117.209,233.165,3350.374,,,12511.35865,19930.39,32441.74866,,,4013.641258,85477.62316,9683.023046,,,,,,4238
2009,E12000003,Yorkshire and The Humber,,,2321.149,176.049,2497.198,,,8934.275872,15437.85561,24372.13149,,,3849.074692,87690.67483,9759.791369,,,,,,4014
2009,E12000004,East Midlands,,,1964.303,154.287,2118.59,,,8026.640774,13158.00365,21184.64442,,,4086.25389,85282.64631,9999.407353,,,,,,4253
2009,E12000005,West Midlands,,,2352.79,192.598,2545.388,,,9857.959254,14766.25353,24624.21279,,,4189.901884,76668.77919,9674.050788,,,,,,4371
2009,E12000006,East,,,2516.172,212.856,2729.028,,,11219.55787,15736.34141,26955.89928,,,4458.978905,73929.51767,9877.472596,,,,,,4611
2009,E12000007,London,,,3357.526,402.739,3760.265,,,13370.98474,27709.65733,41080.64207,,,3982.392017,68803.01469,10924.9327,,,,,,4089
2009,E12000008,South East,,,3672.145,330.881,4003.026,,,16441.79049,23305.42847,39747.21896,,,4477.434984,70434.47183,9929.29323,,,,,,4683
2009,E12000009,South West,,,2397.59,246.433,2644.023,,,10663.75095,14240.67912,24904.43007,,,4447.695792,57787.22458,9419.142749,,,,,,4710
2009,W92000004,Wales,,,1360.607,124.39,1484.997,,,5321.615969,10398.27076,15719.88673,,,3911.207255,83594.10531,10585.80369,,,,,,4069
2009,S92000003,Scotland,,,2732.079,214.034,2946.113,,,11434.82701,15631.88888,27066.71588,,,4185.393982,73034.60608,9187.263314,,,,,,4876
2009,Unallocated,Unallocated,,,67.906,31.502,99.408,,,265.4067064,4878.352352,5143.759058,,,3908.442647,154858.4963,51743.91455,,,,,,
2010,K03000001,Great Britain,,,27208.89,2382.147,29591.037,,,112855.5067,185105.7766,297961.2833,,,4147.74387,77705.43823,10069.3086,,,,,,4442.772869
2010,E92000001,England,,,23024.916,2021.404,25046.32,,,95863.01447,154420.4979,250283.5124,,,4163.446871,76392.69433,9992.825787,,,,,,4409.1049
2010,E12000001,North East,,,1192.89,79.842,1272.732,,,4250.173495,7892.340697,12142.51419,,,3562.921556,98849.48645,9540.511429,,,,,,3815.548213
2010,E12000002,North West,,,3134.206,234.598,3368.804,,,12555.00072,20777.17288,33332.1736,,,4005.799464,88565.0043,9894.364171,,,,,,4233.580576
2010,E12000003,Yorkshire and The Humber,,,2332.16,175.757,2507.917,,,8999.615595,15676.16342,24675.77902,,,3858.918597,89192.25649,9839.152978,,,,,,4104.639761
2010,E12000004,East Midlands,,,1976.299,153.505,2129.804,,,8109.448507,13075.02562,21184.47413,,,4103.351015,85176.54552,9946.677783,,,,,,4334.475646
2010,E12000005,West Midlands,,,2363.732,191.767,2555.499,,,9912.928897,15004.85648,24917.78537,,,4193.76177,78245.24802,9750.653541,,,,,,4380.166007
2010,E12000006,East,,,2534.895,212.191,2747.086,,,11360.5076,15958.033,27318.5406,,,4481.648195,75205.98421,9944.552372,,,,,,4751.354494
2010,E12000007,London,,,3377.617,399.902,3777.519,,,13468.49445,28245.42533,41713.91978,,,3987.573028,70630.86789,11042.67636,,,,,,4198.716068
2010,E12000008,South East,,,3698.604,328.421,4027.025,,,16538.23431,23458.74635,39996.98066,,,4471.480135,71428.88655,9932.141137,,,,,,4717.697881
2010,E12000009,South West,,,2414.513,245.421,2659.934,,,10668.6109,14332.73412,25001.34502,,,4418.535291,58400.60189,9399.2351,,,,,,4780.646793
2010,W92000004,Wales,,,1369.129,123.688,1492.817,,,5361.142616,10456.65767,15817.80029,,,3915.732276,84540.59952,10595.94062,,,,,,4139.447493
2010,S92000003,Scotland,,,2741.839,212.172,2954.011,,,11371.93115,16018.79804,27390.7292,,,4147.556131,75499.11412,9272.385646,,,,,,4808.732543
2010,Unallocated,Unallocated,,,73.006,24.883,97.889,,,259.418456,4209.82296,4469.241416,,,3553.38542,169184.7028,45656.21689,,,,,,
2011,K03000001,Great Britain,,,27301.241,2385.879,29687.12,,,111321.038,175039.6636,286360.7016,,,4077.508344,73364.85362,9645.957626,,,,,,4338.90715
2011,E92000001,England,,,23113.225,2027.082,25140.307,,,94647.96986,146792.271,241440.2408,,,4094.970298,72415.55644,9603.710919,,,,,,4306.835942
2011,E12000001,North East,,,1195.072,80.474,1275.546,,,4209.401683,7471.907075,11681.30876,,,3522.299647,92848.70983,9157.88906,,,,,,3745.419158
2011,E12000002,North West,,,3139.394,233.212,3372.606,,,12405.70725,18609.64133,31015.34858,,,3951.624818,79797.1002,9196.256123,,,,,,4142.826788
2011,E12000003,Yorkshire and The Humber,,,2338.249,178.213,2516.462,,,8883.637622,15239.0667,24122.70432,,,3799.269291,85510.41002,9585.960099,,,,,,4014.136637
2011,E12000004,East Midlands,,,1984.663,155.399,2140.062,,,7984.539995,12597.62382,20582.16382,,,4023.121303,81066.31201,9617.554919,,,,,,4230.919227
2011,E12000005,West Midlands,,,2371.013,192.532,2563.545,,,9747.094163,14862.30211,24609.39628,,,4110.940836,77193.93199,9599.752014,,,,,,4265.48325
2011,E12000006,East,,,2547.21,213.576,2760.786,,,11193.43515,14953.98885,26147.424,,,4394.390392,70017.17819,9471.007169,,,,,,4631.273118
2011,E12000007,London,,,3396.095,398.524,3794.619,,,13373.9108,26571.83164,39945.74244,,,3938.026116,66675.61211,10526.94419,,,,,,4112.934797
2011,E12000008,South East,,,3712.418,329.53,4041.948,,,16361.08551,22660.02555,39021.11106,,,4407.123744,68764.68166,9654.035891,,,,,,4615.568021
2011,E12000009,South West,,,2429.111,245.622,2674.733,,,10489.15769,13825.88389,24315.04158,,,4318.105548,56289.27333,9090.642535,,,,,,4643.079501
2011,W92000004,Wales,,,1374.948,123.556,1498.504,,,5287.016762,9938.764058,15225.78082,,,3845.24852,80439.34781,10160.65411,,,,,,4055.000943
2011,S92000003,Scotland,,,2746.996,211.857,2958.853,,,11150.02476,15507.81376,26657.83852,,,4058.988349,73199.44001,9009.517716,,,,,,4691.934082
2011,Unallocated,Unallocated,,,66.072,23.384,89.456,,,236.0265847,2800.814794,3036.841379,,,3572.26336,119774.8372,33947.87805,,,,,,
2012,K03000001,Great Britain,22589.851,4820.633,27410.484,2397.789,29808.273,82925.70006,27139.98915,110065.6892,180826.8443,290892.5335,3671,5630,4015,75414,9759,3060,4353,3211,8938,3296,4261.354001
2012,E92000001,England,18994.318,4224.943,23219.261,2035.792,25255.053,70136.13443,23551.2779,93687.41233,150307.1338,243994.5461,3692,5574,4035,73832,9661,3068,4309,3224,8864,3308,4233.390491
2012,E12000001,North East,1118.178,78.475,1196.653,80.822,1277.475,3699.729793,438.564367,4138.294161,7611.045373,11749.33953,3309,5589,3458,94170,9197,2870,4365,2914,9596,2979,3667.643774
2012,E12000002,North West,2889.463,254.508,3143.971,235.5,3379.471,10528.80188,1643.908195,12172.71008,20341.86746,32514.57754,3644,6459,3872,86377,9621,3120,5256,3206,10399,3293,4044.143469
2012,E12000003,Yorkshire and The Humber,2150.752,192.013,2342.765,178.868,2521.633,7591.369384,1149.063977,8740.433361,14764.78625,23505.21961,3530,5984,3731,82546,9321,2979,4680,3050,9888,3132,3928.628963
2012,E12000004,East Midlands,1226.366,766.08,1992.446,156.901,2149.347,4303.367487,3574.407413,7877.7749,12808.84544,20686.62034,3509,4666,3954,81636,9625,2965,3641,3196,10741,3286,4149.138837
2012,E12000005,West Midlands,1945.265,433.752,2379.017,193.265,2572.282,7209.900952,2389.684183,9599.585134,14755.95527,24355.54041,3706,5509,4035,76351,9468,3147,4281,3293,9618,3376,4176.314719
2012,E12000006,East,1707.315,854.313,2561.628,215.785,2777.413,6528.733191,4597.658473,11126.39167,15849.5854,26975.97707,3824,5382,4343,73451,9713,3164,4111,3419,9773,3507,4568.776499
2012,E12000007,London,2928.39,492.017,3420.407,397.869,3818.276,10642.01245,2633.34452,13275.35697,27531.51876,40806.87573,3634,5352,3881,69197,10687,2867,4245,3001,6742,3080,4042.089264
2012,E12000008,South East,2982.649,754.47,3737.119,330.432,4067.551,11927.214,4361.454023,16288.66802,22699.93777,38988.60579,3999,5781,4359,68698,9585,3257,4532,3442,8712,3524,4557.262538
2012,E12000009,South West,2045.94,399.315,2445.255,246.35,2691.605,7705.005299,2763.192747,10468.19805,13943.59207,24411.79012,3766,6920,4281,56601,9070,3130,5879,3357,7672,3447,4598.470798
2012,W92000004,Wales,1271.833,108.831,1380.664,123.893,1504.557,4457.734013,771.271259,5229.005272,10038.3081,15267.31338,3505,7087,3787,81024,10147,3012,5669,3102,8257,3193,3986.85693
2012,S92000003,Scotland,2278.38,482.753,2761.133,213.204,2974.337,8164.305562,2794.160711,10958.46627,15218.80199,26177.26827,3583,5788,3969,71381,8801,3028,4582,3159,10079,3251,4591.548973
2012,Unallocated,Unallocated,45.32,4.106,49.426,24.9,74.326,167.526047,23.279282,190.805329,5262.600433,5453.405761,3697,5670,3860,211349,73371,2827,4814,2920,9557,3302,
2013,K03000001,Great Britain,22810.786,4710.334,27521.12,2404.069,29925.189,83576.35636,24843.56909,108419.9255,181555.6511,289975.5766,3664,5274,3940,75520,9690,3080,4131,3206,8374,3285,4168.359519
2013,E92000001,England,19190.619,4129.233,23319.852,2042.654,25362.506,70753.58932,21654.48624,92408.07556,151232.2346,243640.3102,3687,5244,3963,74037,9606,3089,4109,3221,8320,3299,4145.476813
2013,E12000001,North East,1122.465,76.512,1198.977,80.63,1279.607,3711.006798,391.0505891,4102.057387,7767.127129,11869.18452,3306,5111,3421,96330,9276,2883,3991,2917,8951,2978,3618.722691
2013,E12000002,North West,2903.445,249.324,3152.769,236.44,3389.209,10497.92642,1478.830744,11976.75716,20191.03178,32167.78895,3616,5931,3799,85396,9491,3124,4810,3199,9639,3279,3961.733832
2013,E12000003,Yorkshire and The Humber,2161.091,187.346,2348.437,179.233,2527.67,7573.879462,1028.97051,8602.849972,15083.13981,23685.98978,3505,5492,3663,84154,9371,2982,4305,3040,9223,3117,3847.390576
2013,E12000004,East Midlands,1256.176,746.716,2002.892,158.666,2161.558,4429.538737,3340.825136,7770.363873,13342.46599,21112.82986,3526,4474,3880,84092,9767,3002,3540,3184,10086,3268,4063.203052
2013,E12000005,West Midlands,1963.236,424.989,2388.225,195.634,2583.859,7293.069734,2201.057668,9494.127402,14997.40265,24491.53005,3715,5179,3975,76661,9479,3181,4082,3299,9009,3377,4108.057423
2013,E12000006,East,1739.88,834.084,2573.964,216.838,2790.802,6681.88813,4274.414507,10956.30264,15799.68274,26755.98538,3840,5125,4257,72864,9587,3207,3985,3416,9250,3499,4462.932386
2013,E12000007,London,2957.339,482.584,3439.923,396.77,3836.693,10684.84201,2416.905363,13101.74737,27376.27002,40478.01739,3613,5008,3809,68998,10550,2874,4010,2989,6404,3062,3942.344542
2013,E12000008,South East,3018.505,736.462,3754.967,330.673,4085.64,12060.02433,3998.216007,16058.24034,22744.22661,38802.46695,3995,5429,4277,68782,9497,3290,4310,3441,8213,3515,4456.559419
2013,E12000009,South West,2068.482,391.216,2459.698,247.77,2707.468,7821.413704,2524.215719,10345.62942,13930.88791,24276.51733,3781,6452,4206,56225,8967,3165,5448,3362,7244,3445,4510.743559
2013,W92000004,Wales,1279.882,106.404,1386.286,124.144,1510.43,4491.982876,687.5274051,5179.510281,10366.23464,15545.74493,3510,6461,3736,83502,10292,3041,5162,3119,7688,3201,3928.125233
2013,S92000003,Scotland,2294.689,470.656,2765.345,213.756,2979.101,8170.616354,2481.987563,10652.60392,15220.29662,25872.90054,3561,5273,3852,71204,8685,3033,4159,3133,9360,3216,4437.952557
2013,Unallocated,Unallocated,45.596,4.041,49.637,23.515,73.152,160.1678079,19.5678813,179.7356892,4736.885244,4916.620933,3513,4842,3621,201441,67211,2721,3928,2780,8207,3101,
2014,K03000001,Great Britain,23089.751,4618.051,27707.802,2481.93,30189.732,84689.73951,24490.11371,109179.8532,183012.2316,292192.0848,3667.84984,5303.127599,3940.401091,73737.86995,9678.525294,3064.4,4064.5,3178.5,8693.3,3261,4162.326696
2014,E92000001,England,19434.119,4045.901,23480.02,2101.374,25581.394,71696.76749,21263.82999,92960.59748,151176.2298,244136.8273,3689.221389,5255.647628,3959.136214,71941.6105,9543.531025,3072.5,4039.6,3191.4,8638.7,3272.6,4133.781098
2014,E12000001,North East,1131.715,74.952,1206.667,83.706,1290.373,3718.934955,382.7836087,4101.718563,7864.750785,11966.46935,3286.105561,5107.049961,3399.21334,93956.83446,9273.651377,2858,3894.3,2888.1,9207.4,2951.7,3600.541227
2014,E12000002,North West,2926.06,244.811,3170.871,244.407,3415.278,10568.22349,1463.684179,12031.90767,20117.47544,32149.3831,3611.758982,5978.833381,3794.511876,82311.37176,9413.401516,3106.2,4779.9,3175.4,9816.9,3256.6,3957.583168
2014,E12000003,Yorkshire and The Humber,2178.17,183.743,2361.913,184.946,2546.859,7638.183012,1011.009932,8649.192944,15159.0727,23808.26565,3506.697371,5502.304479,3661.943917,81964.85841,9348.08941,2973,4241.7,3025.1,9576.55,3104.9,3847.735116
2014,E12000004,East Midlands,1288.499,728.917,2017.416,163.958,2181.374,4562.63048,3227.793401,7790.423882,13333.56555,21123.98943,3541.04309,4428.20431,3861.585256,81323.05561,9683.799951,2993.3,3439,3137.5,10421.2,3225.8,4036.208824
2014,E12000005,West Midlands,1985.356,416.856,2402.212,201.561,2603.773,7388.271362,2155.865661,9544.137022,15047.83361,24591.97064,3721.383652,5171.727553,3973.061921,74656.47429,9444.744468,3168.1,3972.1,3270.7,9419.3,3353.4,4100.497269
2014,E12000006,East,1777.431,814.489,2591.92,224.132,2816.052,6870.962442,4185.522626,11056.48507,16065.22863,27121.7137,3865.670421,5138.8326,4265.750898,71677.53213,9631.112528,3197.1,3910.3,3382.2,9575.1,3468.9,4454.574308
2014,E12000007,London,2993.793,475.242,3469.035,404.202,3873.237,10835.58063,2390.748016,13226.32865,26763.00005,39989.3287,3619.348643,5030.590764,3812.682388,66211.94366,10324.52409,2862.2,3987.65,2970.5,6723.5,3048.9,3928.007713
2014,E12000008,South East,3059.829,721.569,3781.398,339.57,4120.968,12226.71868,3938.079541,16164.79822,22778.56644,38943.36466,3995.883,5457.661763,4274.820642,67080.62089,9450.052672,3263.1,4269.3,3404.8,8621.05,3483.5,4442.280879
2014,E12000009,South West,2093.266,385.322,2478.588,254.892,2733.48,7887.262439,2508.343029,10395.60547,14046.73661,24442.34208,3767.921726,6509.732194,4194.164366,55108.58171,8941.840466,3131,5457.9,3319.5,7456.8,3406.2,4490.588874
2014,W92000004,Wales,1288.4,104.36,1392.76,127.802,1520.562,4511.038009,678.2329832,5189.270992,10366.71993,15555.99092,3501.271351,6498.974542,3725.890313,81115.47497,10230.42199,3018.4,5113.2,3091.5,7901.6,3176,3912.175499
2014,S92000003,Scotland,2298.994,461.836,2760.83,217.505,2978.335,8247.032562,2516.034314,10763.06688,14559.3743,25322.44118,3587.235357,5447.895603,3898.48954,66938.11315,8502.21388,3032.8,4127.8,3123.1,9580.9,3209,4454.885973
2014,Unallocated,Unallocated,68.238,5.954,74.192,35.249,109.441,234.9014438,32.0164207,266.9178645,6909.907511,7176.825375,3442.384651,5377.296053,3597.66369,196031.3062,65577.11804,2719.4,4460.25,2795.4,10165,3171.1,
2015,K03000001,Great Britain (inc unallocated),23122.782,4387.602,27510.384,2365.461,29875.845,84563.02341,23783.38264,108346.406,179182.0216,287528.4277,3657.130159,5420.587975,3938.382178,75749.30284,9624.110304,3049.1,4190,3175.2,9261.4,3266.4,4101.280703
2015,K04000001,England and Wales (inc unallocated),20810.534,3983.202,24793.736,2152.871,26946.607,76341.98695,21464.95607,97806.94302,163537.637,261344.58,3668.429986,5388.869575,3944.824734,75962.58067,9698.608067,3055.6,4164.2,3182.2,9133.7,3272.5,4075.181523
2015,E92000001,England,19522.734,3883.722,23406.456,2017.388,25423.844,71792.11445,20802.59722,92594.71167,150481.0686,243075.7802,3677.359659,5356.355892,3955.947525,74592.03117,9560.937372,3057.5,4144.1,3187,9190.2,3276.8,4082.447202
2015,E12000001,North East,1128.31,69.131,1197.441,80.187,1277.628,3714.242304,369.9806719,4084.222976,7846.577334,11930.80031,3291.863321,5351.877912,3410.792662,97853.48416,9338.242674,2844.75,4145,2880,9760.3,2950.4,3570.855381
2015,E12000002,North West,2918.533,235.243,3153.776,233.048,3386.824,10525.89452,1419.508546,11945.40307,20048.43283,31993.83589,3606.570329,6034.222253,3787.651078,86027.05377,9446.559932,3092.4,4837,3163.4,10623.75,3254.6,3902.995637
2015,E12000003,Yorkshire and The Humber,2170.622,173.869,2344.491,178.122,2522.613,7594.968198,980.2665098,8575.234708,15126.66183,23701.89654,3498.982411,5637.960245,3657.610419,84923.04055,9395.771978,2955.2,4375.6,3011.7,10344.5,3101.2,3791.558302
2015,E12000004,East Midlands,1313.301,701.408,2014.709,158.871,2173.58,4653.341787,3201.126174,7854.46796,13271.34718,21125.81514,3543.240877,4563.857517,3898.562006,83535.36631,9719.363971,2992,3558.2,3170.3,10814.3,3264.8,4033.643513
2015,E12000005,West Midlands,1998.175,401.57,2399.745,194.548,2594.293,7404.982423,2112.53329,9517.515713,15384.4703,24901.98601,3705.872821,5260.685036,3966.05294,79078.01828,9598.756198,3147.6,4076.6,3262.5,10077.75,3353.3,4059.706794
2015,E12000006,East,1804.474,783.552,2588.026,215.705,2803.731,6942.515492,4113.818479,11056.33397,15621.99618,26678.33015,3847.390149,5250.217572,4272.110856,72422.96739,9515.295922,3179.8,4024.6,3388.4,9948,3481.9,4411.816404
2015,E12000007,London,2997.654,456.462,3454.116,384.358,3838.474,10730.66133,2321.251251,13051.91258,26737.21832,39789.1309,3579.686424,5085.311047,3778.654967,69563.31941,10365.87219,2832.5,4051.2,2947.7,7246.5,3036.1,3826.585383
2015,E13000001,Inner London,1324.082,137.932,1462.014,223.937,1685.951,4436.279912,731.0474289,5167.327341,16950.98879,22118.31613,3350.45708,5300.056759,3534.389781,75695.34643,13119.19275,2516,4211.35,2608.9,6725.4,2723.5,3589.698102
2015,E13000002,Outer London,1673.572,318.53,1992.102,160.421,2152.523,6294.381417,1590.203822,7884.585239,9786.229531,17670.81477,3761.046084,4992.320416,3957.922455,61003.41932,8209.350037,3091.1,3993.3,3200.1,8017.2,3267.8,3999.562353
2015,E12000008,South East,3087.414,692.547,3779.961,327.432,4107.393,12262.78635,3840.002661,16102.78901,22579.94504,38682.73405,3971.863298,5544.753874,4260.041046,68960.71562,9417.831225,3243.5,4345.7,3394.4,8981.25,3479.8,4387.116702
2015,E12000009,South West,2104.251,369.94,2474.191,245.117,2719.308,7962.722047,2444.109636,10406.83168,13864.41956,24271.25124,3784.112279,6606.773088,4206.155338,56562.45611,8925.52489,3140.2,5504.9,3328.8,7963.9,3426.1,4454.683736
2015,W92000004,Wales,1280.277,98.907,1379.184,122.248,1501.432,4518.225612,659.0852967,5177.310908,10204.49099,15381.8019,3529.10004,6663.687067,3753.894265,83473.68454,10244.75427,3030.9,5266.1,3105.4,8531.5,3201,3923.820266
2015,S92000003,Scotland (inc unallocated),2312.248,404.4,2716.648,212.59,2929.238,8221.036453,2318.426572,10539.46303,15644.38464,26183.84767,3555.430236,5733.003394,3879.583599,73589.46631,8938.791477,2991.1,4526.65,3110.6,10556.2999,3209.4,4360.436589
2015,Unallocated Great Britain,Great Britain (unallocated),10.11,0.732,10.842,16.475,27.317,39.3957121,4.105479,43.5011911,3207.944464,3251.445655,3896.707428,5608.577869,4012.284735,194715.9007,119026.4544,2298.25,4679,2387.3,4833.2,2961.5,
2015,Unallocated England and Wales,England and Wales (unallocated),7.523,0.573,8.096,13.235,21.331,31.6468886,3.2735522,34.9204408,2852.077448,2886.997889,4206.684647,5713.005585,4313.295553,215495.0848,135342.8291,2360.2,4644.1,2467.35,6455.4,3430.8,
2015,Unallocated Scotland,Scotland (unallocated),2.587,0.159,2.746,3.24,5.986,7.7488235,0.8319268,8.5807503,355.8670165,364.4477668,2995.293197,5232.244025,3124.818026,109835.4989,60883.35563,2115.5,4780.2,2208.65,578.1,1785.7,
2016,K03000001,Great Britain (inc unallocated),23457.818,4259.248,27717.066,2367.363,30084.429,83615.53215,22815.6539,106431.1861,171146.8809,277578.067,3564.505964,5356.732902,3839.915309,72294.31267,9226.635712,2940.5,4102.3,3061.5,8720.4,3147.6,3995.345527
2016,K04000001,England and Wales (inc unallocated),21122.205,3869.809,24992.014,2154.883,27146.897,75584.16308,20633.97493,96218.13801,156332.8839,252551.0219,3578.422001,5332.039626,3849.95535,72548.20047,9303.126684,2947.5,4078.5,3069,8622.3,3154.4,3974.607558
2016,E92000001,England,19823.345,3772.749,23596.094,2019.057,25615.151,71144.02577,20002.88225,91146.90802,143758.2817,234905.1897,3588.901155,5301.938255,3862.796445,71200.70493,9170.556508,2950.5,4058.6,3074.9,8679.9,3160.1,3982.965875
2016,E12000001,North East,1137.502,66.028,1203.53,80.203,1283.733,3624.695066,346.3627991,3971.057865,7193.760702,11164.81857,3186.53951,5245.695752,3299.508832,89694.40922,8697.150083,2735.8,4040.25,2769.2,8436.8,2834.7,3448.7933
2016,E12000002,North West,2943.937,229.687,3173.624,232.961,3406.585,10268.1665,1354.373522,11622.54002,19054.25911,30676.79912,3487.902933,5896.605039,3662.229684,81791.62653,9005.147127,2969,4722.4,3036.5,9976.8,3121,3768.79324
2016,E12000003,Yorkshire and The Humber,2190.518,168.817,2359.335,178.292,2537.627,7458.619779,940.0037049,8398.623484,14324.17079,22722.79427,3404.957083,5568.181551,3559.741827,80341.07411,8954.347613,2847.8,4300.7,2902.5,9514.95,2986.9,3687.007571
2016,E12000004,East Midlands,1351.432,678.933,2030.365,158.926,2189.291,4680.897784,3049.10941,7730.007193,12818.30087,20548.30807,3463.657649,4491.031383,3807.200771,80655.7824,9385.82768,2892.7,3438.2,3055.9,10323.9,3145.2,3928.821407
2016,E12000005,West Midlands,2026.972,389.725,2416.697,193.996,2610.693,7336.37626,2024.001793,9360.378053,14751.77323,24112.15128,3619.377209,5193.410208,3873.211269,76041.63606,9235.919842,3041.2,3976.7,3149.8,9406.25,3236.1,3955.255885
2016,E12000006,East,1850.102,758.223,2608.325,216.24,2824.565,6988.96877,3972.689433,10961.6582,15045.83695,26007.49516,3777.612678,5239.473655,4202.566092,69579.34219,9207.610785,3085.3,3957.7,3286.9,9528.9,3376.7,4336.062953
2016,E12000007,London,3044.342,447.076,3491.418,385.119,3876.537,10685.37666,2261.630249,12947.00691,25827.57919,38774.58611,3509.913362,5058.715407,3708.23743,67063.89244,10002.37741,2750,3991.8,2860.8,6937.7,2945.3,3755.831054
2016,E13000001,Inner London,1344.139,136.444,1480.583,224.34,1704.923,4434.327092,723.3305882,5157.65768,16381.05434,21538.71202,3299.009323,5301.300081,3483.531609,73018.87467,12633.24621,2448.9,4197.65,2539.5,6470.7,2649.3,3537.37409
2016,E13000002,Outer London,1700.203,310.632,2010.835,160.779,2171.614,6251.049571,1538.299661,7789.349232,9446.524849,17235.87408,3676.648948,4952.160953,3873.688906,58754.71827,7936.895821,2993.1,3916.85,3099.5,7647.7,3164.3,3915.969659
2016,E12000008,South East,3143.025,672.032,3815.057,327.272,4142.329,12214.38564,3691.957918,15906.34356,21587.22035,37493.56391,3886.187873,5493.723391,4169.359346,65961.09764,9051.324486,3128.7,4268.4,3274.8,8566.8,3357.5,4293.450014
2016,E12000009,South West,2135.515,362.228,2497.743,246.048,2743.791,7886.539312,2362.753421,10249.29273,13155.3805,23404.67323,3693.038593,6522.834848,4103.421662,53466.72396,8530.049567,3018.8,5427.7,3200.9,7629.3,3295.7,4348.651287
2016,W92000004,Wales,1291.003,96.54,1387.543,122.583,1510.126,4407.684728,627.9989772,5035.683705,9722.908127,14758.59183,3414.155295,6505.065022,3629.209116,79316.93732,9773.086373,2905,5135.6,2976.1,7987.7,3065.3,3803.297707
2016,S92000003,Scotland (inc unallocated),2335.613,389.439,2725.052,212.48,2937.532,8031.369077,2181.678967,10213.04804,14813.99706,25027.04511,3438.655752,5602.107049,3747.836021,69719.48918,8519.752331,2879.1,4404.9,2992,9720.05,3084.6,4201.892321
2016,Unallocated Great Britain,Great Britain (unallocated),10.481,0.678,11.159,16.505,27.664,40.05521171,3.8857006,43.94091231,3193.409564,3237.350477,3821.69752,5731.121829,3937.710575,193481.3429,117023.9472,2220.9,4920.55,2312.7,4133.1,2735.4,
2016,Unallocated England and Wales,England and Wales (unallocated),7.857,0.52,8.377,13.243,21.62,32.45257871,3.0937043,35.54628301,2851.694056,2887.240339,4130.403298,5949.431346,4243.31897,215335.9553,133544.8815,2290,4910.6,2388.4,5446.4,3156.75,
2016,Unallocated Scotland,Scotland (unallocated),2.624,0.158,2.782,3.262,6.044,7.602633,0.7919963,8.3946293,341.7155085,350.1101378,2897.344893,5012.63481,3017.479978,104756.4404,57926.89242,2069.35,4947.5,2130.45,578.1,1722,
2017,K03000001,Great Britain (inc unallocated),23801.062,4095.85,27896.912,2402.844,30299.756,83256.65317,22117.97262,105374.6258,174271.5287,279646.1544,3498.022616,5400.093415,3777.286382,72527.19221,9229.320343,2851.2,4084.6,2967.6,8910.5,3055.8,3928.830112
2017,K04000001,England and Wales (inc unallocated),21443.083,3723.032,25166.115,2186.855,27352.97,75301.21806,20004.27053,95305.48859,159175.3142,254480.8028,3511.678711,5373.112702,3787.056071,72787.31977,9303.589437,2859.4,4057.2,2976.2,8816.9,3064.2,3909.893861
2017,E92000001,England,20134.519,3628.768,23763.287,2048.402,25811.689,70902.54283,19387.08009,90289.62292,146463.1369,236752.7598,3521.442098,5342.606661,3799.542669,71501.16866,9172.307934,2861.5,4036.6,2981.4,8873.3,3069.3,3917.59653
2017,E12000001,North East,1146.78,63.472,1210.252,82.025,1292.277,3539.764751,332.584507,3872.349258,7404.780711,11277.12997,3086.699063,5239.861782,3199.622275,90274.68103,8726.557827,2624.2,4020.95,2656.9,9190.427123,2725.2,3345.638671
2017,E12000002,North West,2970.207,223.468,3193.675,235.784,3429.459,10188.35819,1339.280062,11527.63825,19283.04181,30810.68007,3430.18456,5993.162609,3609.521399,81782.65622,8984.122588,2880.4,4771.6,2947.1,10241.7,3033.1,3715.173826
2017,E12000003,Yorkshire and The Humber,2209.055,162.191,2371.246,182.21,2553.456,7397.370812,914.8820641,8312.252876,14758.18146,23070.43434,3348.658504,5640.769612,3505.436752,80995.45285,9034.984092,2765.9,4356.7,2820.3,9781.2,2906.7,3627.911581
2017,E12000004,East Midlands,1396.768,645.706,2042.474,161.052,2203.526,4776.473872,2937.593928,7714.067801,13111.39116,20825.45896,3419.661585,4549.429506,3776.825458,81410.91793,9450.970379,2823.6,3407.2,2984.3,10510.75,3075.5,3881.672819
2017,E12000005,West Midlands,2057.466,375.036,2432.502,197.309,2629.811,7301.91268,1963.441603,9265.354283,15037.91339,24303.26767,3548.9834,5235.341682,3808.981157,76215.0403,9241.450306,2944.2,3949.75,3051.6,9767.8,3140.9,3881.100156
2017,E12000006,East,1902.34,724.728,2627.068,219.271,2846.339,7046.315591,3825.1429,10871.45849,15436.08226,26307.54075,3704.025354,5278.039347,4138.247845,70397.28128,9242.588727,2987.8,3923.85,3185.8,9688.2,3278,4269.839025
2017,E12000007,London,3084.308,435.511,3519.819,388.021,3907.84,10595.40012,2208.01911,12803.41923,25831.37981,38634.79904,3435.260071,5069.950264,3637.522051,66572.11804,9886.48436,2662.8,3959.8,2771.7,6987.5,2858.7,3693.042242
2017,E13000001,Inner London,1362.225,135.06,1497.285,225.715,1723,4410.348496,722.4000478,5132.748544,16067.89342,21200.64196,3237.606486,5348.73425,3428.03711,71186.6443,12304.4933,2372.1,4197.8,2461.4,6485.9,2573.6,3493.459936
2017,E13000002,Outer London,1722.083,300.451,2022.534,162.306,2184.84,6185.051624,1485.619062,7670.670685,9763.486393,17434.15708,3591.610639,4944.630112,3792.604073,60154.80878,7979.603577,2897.9,3869.5,3000,7730.5,3067.2,3839.827941
2017,E12000008,South East,3201.783,645.99,3847.773,332.402,4180.175,12199.81159,3555.325893,15755.13748,22089.36188,37844.49936,3810.318061,5503.685651,4094.611996,66453.75743,9053.328954,3035.7,4226.75,3175.6,8746.9,3261.5,4224.514704
2017,E12000009,South West,2165.812,352.666,2518.478,250.328,2768.806,7857.13522,2310.810022,10167.94524,13511.00441,23678.94965,3627.80113,6552.403753,4037.337329,53973.2048,8552.043608,2928,5422.4,3099.2,7819.1,3197.9,4274.674202
2017,W92000004,Wales,1299.884,93.809,1393.693,124.582,1518.275,4363.450628,614.193233,4977.643861,9821.797784,14799.44164,3356.800013,6547.274068,3571.549732,78838.0166,9747.536938,2830.9,5129.4,2901.6,8220.9,2984.3,3747.466841
2017,S92000003,Scotland (inc unallocated),2357.979,372.818,2730.797,215.989,2946.786,7955.435108,2113.702086,10069.13719,15096.21447,25165.35167,3373.836284,5669.52799,3687.252181,69893.44121,8539.931867,2778.5,4423.1,2887,9950.1,2978.7,4117.584572
2017,Unallocated Great Britain,Great Britain (unallocated),11.34,0.561,11.901,17.151,29.052,42.9873677,3.5716497,46.5590174,3227.344722,3273.903739,3790.773166,6366.577005,3912.193715,188172.3936,112691.1655,2158.7,5122.6,2241.5,3816.9,2627.8,
2017,Unallocated England and Wales,England and Wales (unallocated),8.68,0.455,9.135,13.871,23.006,35.224607,2.9972073,38.2218143,2890.3795,2928.601314,4058.134447,6587.268791,4184.106656,208375.7119,127297.2839,2206.25,5268.3,2289.6,5149,2968.35,
2017,Unallocated Scotland,Scotland (unallocated),2.66,0.106,2.766,3.28,6.046,7.7627607,0.5744424,8.3372031,336.965222,345.3024251,2918.33109,5419.267925,3014.17321,102733.2994,57112.54137,2040,4565.3,2098,582.1,1724.45,
2018,K03000001,Great Britain (inc unallocated),24164.92,3965.934,28130.854,2428.714,30559.568,82328.23898,20845.40553,103173.6445,173745.1079,276918.7524,3406.93199,5256.115087,3667.63286,71537.90357,9061.605597,2770.9,3962.5,2880.9,8366.1,2966.5,3822.104729
2018,K04000001,England and Wales (inc unallocated),21783.677,3607.634,25391.311,2212.094,27603.405,74546.30369,18899.79113,93446.09482,158828.7891,252274.8839,3422.117565,5238.832744,3680.239072,71800.19886,9139.266837,2780.5,3942.1,2891.2,8267,2976.5,3808.539976
2018,E92000001,England,20462.546,3515.839,23978.385,2072.835,26051.22,70204.88958,18320.69739,88525.58697,146196.9661,234722.5531,3430.897093,5210.903397,3691.891133,70529.95831,9010.040724,2782.1,3923.5,2895.6,8322,2980.8,3815.059837
2018,E12000001,North East,1158.146,60.785,1218.931,82.86,1301.791,3467.320811,306.143308,3773.464119,7426.839957,11200.30408,2993.854671,5036.494333,3095.715934,89631.18462,8603.76518,2545.1,3811.9,2575.1,8847.5,2642,3238.780349
2018,E12000002,North West,3004.124,217.833,3221.957,238.192,3460.149,9971.192748,1249.725394,11220.91814,19244.58664,30465.50478,3319.168166,5737.080211,3482.640563,80794.42904,8804.680025,2785.4,4534.3,2846.9,9555.05,2931.5,3595.705932
2018,E12000003,Yorkshire and The Humber,2231.481,156.697,2388.178,185.457,2573.635,7272.031545,859.3510545,8131.3826,14828.88482,22960.26742,3258.836416,5484.157671,3404.847796,79958.61478,8921.337883,2691.8,4204.4,2742,9099.8,2828,3526.28898
2018,E12000004,East Midlands,1441.815,619.728,2061.543,163.522,2225.065,4819.19302,2754.607479,7573.8005,13058.46409,20632.26459,3342.448941,4444.865294,3673.850363,79857.53652,9272.657017,2755.5,3325.3,2905.2,9758.25,2994.6,3783.141698
2018,E12000005,West Midlands,2090.893,363.258,2454.151,200.686,2654.837,7232.274001,1850.571051,9082.845052,15012.9796,24095.82465,3458.940271,5094.371083,3701.013121,74808.30551,9076.19739,2872.4,3836.7,2972.4,9080,3058.8,3779.643032
2018,E12000006,East,1953.4,700.958,2654.358,221.631,2875.989,7060.079345,3614.058929,10674.13827,15336.30946,26010.44774,3614.251738,5155.88513,4021.363461,69197.49252,9044.001121,2908.4,3819.3,3093,9136.1,3181,4169.775835
2018,E12000007,London,3128.335,426.546,3554.881,391.897,3946.778,10493.41686,2117.749177,12611.16604,25732.55916,38343.7252,3354.313673,4964.878765,3547.563489,65661.53647,9715.196852,2591.4,3857.25,2693.6,6547.4,2777.1,3608.365725
2018,E13000001,Inner London,1381.51,133.719,1515.229,227.301,1742.53,4374.766368,700.7712021,5075.537571,15940.44997,21015.98755,3166.655593,5240.625507,3349.683494,70129.25581,12060.61735,2316.4,4089.8,2401.9,6122.5,2506.9,3410.376775
2018,E13000002,Outer London,1746.825,292.827,2039.652,164.596,2204.248,6118.650496,1416.977975,7535.628471,9792.109185,17327.73766,3502.726659,4838.959438,3694.565775,59491.781,7861.065387,2815.5,3768.8,2914.2,7162.05,2979.4,3755.202388
2018,E12000008,South East,3258.581,625.421,3884.002,335.585,4219.587,12113.9727,3373.134872,15487.10757,22056.06473,37543.1723,3717.560711,5393.382812,3987.409782,65724.22702,8897.357086,2952.4,4119.3,3082.7,8194.5,3163.4,4125.714628
2018,E12000009,South West,2195.771,344.613,2540.384,253.005,2793.389,7775.408552,2195.356123,9970.764676,13500.27768,23471.04235,3541.083543,6370.497118,3924.904532,53359.7268,8402.353683,2852,5252,3014.2,7379,3107,4156.499452
2018,W92000004,Wales,1312.078,91.354,1403.432,125.306,1528.738,4305.338398,576.2028989,4881.541297,9812.980942,14694.52224,3281.312848,6307.36365,3478.288437,78312.13942,9612.191389,2758.7,4895.7,2821.9,7709.05,2910.6,3665.672666
2018,S92000003,Scotland (inc unallocated),2381.243,358.3,2739.543,216.62,2956.163,7781.935288,1945.614404,9727.549691,14916.31883,24643.86852,3268.013927,5430.12672,3550.792848,68859.37968,8336.437645,2686.8,4223.8,2785.1,9417.05,2874.7,3957.509197
2018,Unallocated Great Britain,Great Britain (unallocated),11.768,0.536,12.304,17.21,29.514,43.90429827,3.4085925,47.31289077,3137.26081,3184.5737,3730.820723,6359.314366,3845.325973,182292.9,107900.4439,2173.9,5113.8,2241.35,3514.5,2542.35,
2018,Unallocated England and Wales,England and Wales (unallocated),9.053,0.441,9.494,13.953,23.447,36.07571047,2.8908392,38.96654967,2818.842022,2857.808572,3984.945374,6555.19093,4104.334281,202024.0824,121883.7622,2232,5187.8,2299.6,4505.6,2842.3,
2018,Unallocated Scotland,Scotland (unallocated),2.715,0.095,2.81,3.257,6.067,7.8285878,0.5177533,8.3463411,318.4187875,326.7651286,2883.457753,5450.034737,2970.228149,97764.44197,53859.42453,2000.7,4619.8,2058.8,578.1,1644.4,
2019,K03000001,Great Britain (inc unallocated),24539.495,3832.536,28372.031,2434.208,30806.239,82983.2061,19907.22108,102890.4272,169613.5662,272503.9934,3381.61833,5194.268517,3626.473804,69679.15896,8845.740415,2745.5,3917.7,2849.1,7956.6,2932,3783.430314
2019,K04000001,England and Wales (inc unallocated),22132.11,3489.508,25621.618,2217.449,27839.067,75191.13794,18065.47377,93256.61171,155175.3999,248432.0116,3397.377744,5177.08335,3639.762786,69979.24185,8923.862698,2756.5,3901.7,2861.2,7858.8,2943.7,3772.265396
2019,E92000001,England,20798.854,3400.217,24199.071,2077.719,26276.79,70838.34708,17513.58983,88351.93691,142712.3619,231064.2988,3405.877414,5150.727095,3651.046642,68687.03702,8793.475108,2758.2,3884.9,2865.6,7908.6,2947.8,3778.123231
2019,E12000001,North East,1168.136,58.7,1226.836,82.888,1309.724,3467.52783,295.0441228,3762.571952,7256.886634,11019.45859,2968.428188,5026.305328,3066.890727,87550.50953,8413.573078,2516.4,3785.65,2544.4,8433.6,2608.2,3211.17746
2019,E12000002,North West,3039.717,211.74,3251.457,238.854,3490.311,9986.772194,1193.773266,11180.54546,18750.07674,29930.6222,3285.42828,5637.920405,3438.626271,78500.15799,8575.345348,2749.9,4440.8,2807.6,9129.8,2890.1,3558.02155
2019,E12000003,Yorkshire and The Humber,2253.833,151.389,2405.222,186.259,2591.481,7302.948157,819.759292,8122.707449,14577.04424,22699.75169,3240.234816,5414.91979,3377.113401,78262.22755,8759.374154,2667.8,4121.4,2714.9,8767.9,2797,3500.942159
2019,E12000004,East Midlands,1487.072,592.489,2079.561,164.149,2243.71,4931.233484,2611.483651,7542.717136,12784.27141,20326.98855,3316.069084,4407.649174,3627.071837,77882.1157,9059.543589,2728.8,3294.2,2868.4,9310.4,2954.5,3731.255039
2019,E12000005,West Midlands,2124.41,349.916,2474.326,202.086,2676.412,7280.976535,1754.607405,9035.58394,14567.73034,23603.31428,3427.293477,5014.367463,3651.735438,72086.78653,8819.01377,2835.2,3784,2928.7,8616.3,3013.1,3728.286329
2019,E12000006,East,2005.302,676.913,2682.215,222.555,2904.77,7205.287392,3457.037631,10662.32502,15033.47209,25695.79711,3593.118339,5107.063435,3975.194018,67549.46906,8846.069434,2892.3,3802,3066.5,8590.5,3150.6,4132.624851
2019,E12000007,London,3174.147,416.428,3590.575,391.86,3982.435,10512.03507,2037.403173,12549.43824,25060.34733,37609.78557,3311.76693,4892.57008,3495.105447,63952.29757,9443.916992,2569.4,3824.9,2667.5,6180.25,2747.9,3564.629408
2019,E13000001,Inner London,1400.412,131.722,1532.134,227.055,1759.189,4358.543934,673.613149,5032.157083,15426.32806,20458.48514,3112.329753,5113.9001,3284.410556,67940.93087,11629.4981,2296.95,4016.4,2378,5802.9,2478.9,3349.838194
2019,E13000002,Outer London,1773.735,284.706,2058.441,164.805,2223.246,6153.491132,1363.790024,7517.281156,9634.019268,17151.30042,3469.228003,4790.169594,3651.929376,58457.0812,7714.531106,2791.2,3751.2,2886.7,6747.9,2949.8,3724.492568
2019,E12000008,South East,3318.83,606.121,3924.951,336.061,4261.012,12282.88978,3235.05848,15517.94826,21584.34504,37102.2933,3700.969855,5337.314629,3953.66675,64227.46179,8707.390005,2940.9,4080,3064.3,7759.7,3141.8,4102.726681
2019,E12000009,South West,2227.407,336.521,2563.928,253.007,2816.935,7868.676637,2109.422807,9978.099444,13098.18806,23076.28751,3532.662256,6268.324435,3891.723732,51770.06194,8191.984375,2835.3,5124,2988.4,7088.3,3078,4118.112227
2019,W92000004,Wales,1323.795,88.858,1412.653,125.714,1538.367,4315.782521,549.0496236,4864.832145,9750.65093,14615.48307,3260.159255,6178.955453,3443.755929,77562.17231,9500.647813,2733.9,4752.6,2792.7,7379.3,2877.8,3639.958677
2019,S92000003,Scotland (inc unallocated),2407.385,343.028,2750.413,216.759,2967.172,7792.068161,1841.747316,9633.815476,14438.16633,24071.9818,3236.735363,5369.087409,3502.679589,66609.30493,8112.769265,2647.6,4127.35,2737.7,9000.1,2824,3895.025349
2019,Unallocated Great Britain,Great Britain (unallocated),12.193,0.529,12.722,17.272,29.994,44.81461148,3.3512674,48.16587888,3026.26064,3074.426519,3675.437668,6335.099055,3786.03041,175211.9407,102501.3842,2175.5,4945.9,2235.7,3328.05,2472.95,
2019,Unallocated England and Wales,England and Wales (unallocated),9.461,0.433,9.894,14.016,23.91,37.0083405,2.8343141,39.8426546,2712.387052,2752.229706,3911.673238,6545.760046,4026.951142,193520.7657,115107.8924,2224,4945.9,2284.4,4260.15,2736.95,
2019,Unallocated Scotland,Scotland (unallocated),2.732,0.096,2.828,3.256,6.084,7.806270981,0.5169533,8.323224281,313.8735882,322.1968125,2857.346626,5384.930208,2943.148614,96398.52217,52958.05596,1994,4872.1,2049.35,578.1,1653.2,
2020,K03000001,Great Britain (inc unallocated),24843.149,3738.503,28581.652,2435.126,31016.778,88317.66507,20268.76329,108586.4284,148513.3927,257099.821,3555.010883,5421.625526,3799.165575,60987.9705,8289.056362,2834.9,4065.7,2936.7,6190.7,2998.5,3967.223746
2020,K04000001,England and Wales (inc unallocated),22417.302,3403.423,25820.725,2218.259,28038.984,80124.83581,18425.91528,98550.7511,135936.7615,234487.5126,3574.240817,5413.936288,3816.730595,61280.83399,8362.910461,2848.6,4055.2,2951.7,6128.4,3012.8,3959.579873
2020,E92000001,England,21074.045,3315.541,24389.586,2078.504,26468.09,75527.26485,17869.39258,93396.65743,125026.4969,218423.1543,3583.899762,5389.585766,3829.366248,60152.15602,8252.320221,2851,4038,2956.6,6152.7,3017.4,3967.101166
2020,E12000001,North East,1177.545,57.308,1234.853,83.05,1317.903,3664.605083,296.3503486,3960.955432,6419.067674,10380.02311,3112.072221,5171.186372,3207.633161,77291.60354,7876.166232,2580.5,3892.4,2608.5,6441.45,2657.3,3364.837462
2020,E12000002,North West,3070.347,207.753,3278.1,239.307,3517.407,10601.07609,1217.523372,11818.59946,16575.97248,28394.57194,3452.728987,5860.437018,3605.31999,69266.55917,8072.586407,2833.7,4640.7,2891.3,7109.3,2954.3,3739.036069
2020,E12000003,Yorkshire and The Humber,2270.429,147.293,2417.722,186.73,2604.452,7741.536611,824.0403895,8565.577,12911.98852,21477.56552,3409.724158,5594.565862,3542.829573,69147.90618,8246.48161,2749.6,4268.7,2796,6822.55,2861.1,3672.520294
2020,E12000004,East Midlands,1524.062,573.816,2097.878,164.481,2262.359,5352.413248,2662.498979,8014.912227,11346.51014,19361.42237,3511.939309,4639.987346,3820.485379,68983.71326,8558.06809,2830.7,3396.4,2963,7262.9,3029,3931.194864
2020,E12000005,West Midlands,2151.889,340.387,2492.276,202.252,2694.528,7737.911188,1785.164358,9523.075545,12617.94837,22141.02391,3595.869112,5244.513915,3821.03569,62387.26128,8217.032413,2916.7,3914.9,3009.6,6761.45,3072.9,3900.292692
2020,E12000006,East,2046.606,659.282,2705.888,222.627,2928.515,7808.197301,3550.400132,11358.59743,13346.38572,24704.98315,3815.193203,5385.252641,4197.733769,59949.53767,8436.010454,3002.7,3958.4,3174.2,6770.9,3239,4373.887835
2020,E12000007,London,3208.456,407.901,3616.357,391.151,4007.508,11058.86796,2073.57005,13132.43801,21097.26168,34229.69969,3446.788101,5083.513034,3631.39978,53936.36135,8541.392729,2653.4,3917.1,2745,4685.2,2799.2,3706.640432
2020,E13000001,Inner London,1413.756,129.7,1543.456,226.725,1770.181,4544.234301,681.5752078,5225.809509,12638.84579,17864.6553,3214.298861,5255.013167,3385.78457,55745.26757,10091.99359,2369.5,4019.35,2440.7,4332.4,2509.1,3450.351689
2020,E13000002,Outer London,1794.7,278.201,2072.901,164.426,2237.327,6514.633662,1391.994842,7906.628504,8458.415888,16365.04439,3629.929048,5003.558011,3814.281774,51442.08269,7314.55187,2885.7,3879.2,2977.6,5215.8,3022.1,3898.001609
2020,E12000008,South East,3370.561,590.633,3961.194,335.955,4297.149,13178.14288,3314.72999,16492.87287,19163.72703,35656.5999,3909.777298,5612.165237,4163.611494,57042.54151,8297.734126,3052.6,4274.5,3172.8,6064.8,3229.8,4332.159346
2020,E12000009,South West,2254.15,331.168,2585.318,252.951,2838.269,8384.514491,2145.11496,10529.62945,11547.63528,22077.26473,3719.590307,6477.422216,4072.856589,45651.66882,7778.42577,2938.5,5336.8,3092,5744.5,3155.6,4306.492993
2020,W92000004,Wales,1333.394,87.454,1420.848,125.546,1546.394,4558.644685,553.6585436,5112.303228,8507.58873,13619.89196,3418.827957,6330.854434,3598.064838,67764.71357,8807.517333,2815.5,4894.8,2875.1,5929.15,2939.3,3797.025488
2020,S92000003,Scotland (inc unallocated),2425.847,335.08,2760.927,216.867,2977.794,8192.829256,1842.84801,10035.67727,12576.63113,22612.30839,3377.306671,5499.725469,3634.894101,57992.36918,7593.644286,2712,4192.9,2798.3,6855.8,2864.7,4043.885086
2020,Unallocated Great Britain,Great Britain (unallocated),12.594,0.521,13.115,17.45,30.565,47.10692419,3.353555496,50.46047969,2669.196708,2719.657188,3740.425933,6436.766786,3847.539435,152962.5621,88979.45976,2229.8,5147.9,2297.4,2907.7,2442.9,
2020,Unallocated England and Wales,England and Wales (unallocated),9.863,0.428,10.291,14.209,24.5,38.92627769,2.864160696,41.79043839,2402.675902,2444.466341,3946.697526,6691.964242,4060.872451,169095.3552,99774.13636,2291.9,5196.25,2380,3711.7,2687.15,
2020,Unallocated Scotland,Scotland (unallocated),2.731,0.093,2.824,3.241,6.065,8.1806465,0.4893948,8.6700413,266.5208057,275.190847,2995.476565,5262.309677,3070.127939,82234.12703,45373.5939,2039.5,4262.4,2076.45,569.4,1646.9,
2021,K03000001,Great Britain (inc unallocated),25215.73,3634.337,28850.067,2447.077,31297.144,84207.29714,18316.9756,102524.2727,156103.2256,258627.4983,3339.474889,5039.977195,3553.692708,63791.70968,8263.613392,2634.6,3706.6,2720.4,7361.7,2797.7,3723.210902
2021,K04000001,England and Wales (inc unallocated),22761.15,3308.097,26069.247,2229.191,28298.438,76431.79467,16634.68975,93066.48443,142722.7163,235789.2007,3357.99354,5028.477022,3569.972099,64024.44486,8332.233768,2647.2,3696.9,2734.2,7274.2,2810.9,3716.95113
2021,E92000001,England,21403.323,3222.264,24625.587,2086.392,26711.979,72072.32643,16127.9546,88200.28103,131136.0693,219336.3503,3367.342839,5005.162396,3581.651923,62853.03495,8211.16063,2649.7,3680.9,2738.9,7335.75,2815.5,3723.274972
2021,E12000001,North East,1189.012,55.356,1244.368,83.484,1327.852,3472.473468,277.285387,3749.758855,6635.429436,10385.18829,2920.469658,5009.129761,3013.384188,79481.45077,7821.043528,2402,3684.05,2426.6,7929.9,2488.4,3171.885689
2021,E12000002,North West,3105.437,202.963,3308.4,240.896,3549.296,10094.14132,1108.874399,11203.01572,17256.25944,28459.27516,3250.473708,5463.431261,3386.233744,71633.64871,8018.287333,2643.6,4230.2,2692.7,8490.05,2770.9,3524.778728
2021,E12000003,Yorkshire and The Humber,2295.008,144.341,2439.349,187.18,2626.529,7366.441996,759.4661762,8125.908173,13596.52622,21722.43439,3209.767459,5261.610881,3331.179004,72638.77669,8270.395794,2563.7,3946.5,2604.2,8196.35,2682.1,3467.065988
2021,E12000004,East Midlands,1565.861,553.534,2119.395,164.732,2284.127,5184.02509,2374.541424,7558.566514,12081.07643,19639.64294,3310.654707,4289.78423,3566.379327,73337.76334,8598.314781,2644,3093.4,2745.2,8693.4,2825.7,3678.195412
2021,E12000005,West Midlands,2185.006,331.074,2516.08,202.421,2718.501,7390.039139,1609.2687,8999.307839,13363.3869,22362.69474,3382.159655,4860.75228,3576.717688,66017.78916,8226.112383,2719.2,3556.85,2795.7,7990.6,2873.8,3660.311541
2021,E12000006,East,2094.567,640.676,2735.243,223.965,2959.208,7493.923417,3188.545833,10682.46925,13925.70188,24608.17113,3577.791217,4976.846071,3905.491852,62178.02728,8315.796365,2781.9,3588.5,2923.1,8023.9,3003,4088.456054
2021,E12000007,London,3253.139,398.862,3652.001,393.537,4045.538,10514.83546,1891.983813,12406.81927,22148.5437,34555.36297,3232.212167,4743.454661,3397.266121,56280.71491,8541.59891,2452.9,3605.6,2534.7,5595.9,2606.7,3481.688463
2021,E13000001,Inner London,1432.212,127.823,1560.035,227.203,1787.238,4332.500728,634.1935889,4966.694317,13233.60489,18200.29921,3025.041494,4961.498235,3183.706979,58245.73132,10183.4782,2199.4,3769.8,2267.4,5170.4,2356,3255.252058
2021,E13000002,Outer London,1820.927,271.039,2091.966,166.334,2258.3,6182.33473,1257.790224,7440.124954,8914.938808,16355.06376,3395.157922,4640.624501,3556.522885,53596.61169,7242.201551,2662.5,3538.2,2740.9,6267,2800.9,3651.229499
2021,E12000008,South East,3428.26,572.221,4000.481,337.077,4337.558,12592.7194,2988.907474,15581.62687,20107.64488,35689.27175,3673.21014,5223.344607,3894.938351,59652.97212,8227.964157,2832.9,3904.7,2935,7285.4,3008.9,4068.213228
2021,E12000009,South West,2287.033,323.237,2610.27,253.1,2863.37,7963.727143,1929.081395,9892.808537,12021.5004,21914.30893,3482.121658,5968.009215,3789.956034,47497.03831,7653.327699,2718.4,4830.9,2850.4,6609.35,2932.7,4013.879674
2021,W92000004,Wales,1344.756,85.409,1430.165,126.082,1556.247,4310.977625,503.8636775,4814.841303,9050.877508,13865.71881,3205.769392,5899.421344,3366.633432,71785.64353,8909.716009,2613.8,4463.9,2664.1,6803.3,2742.7,3567.882862
2021,S92000003,Scotland (inc unallocated),2454.58,326.24,2780.82,217.886,2998.706,7775.502463,1682.285846,9457.78831,13380.50929,22838.2976,3167.752717,5156.58977,3401.07893,61410.59676,7616.050922,2519.4,3838.15,2594.3,8368.6,2674.6,3785.951759
2021,Unallocated Great Britain,Great Britain (unallocated),15.853,0.517,16.37,19.988,36.358,56.34000843,3.3679179,59.70792633,2856.31378,2916.021707,3553.902002,6514.347969,3647.399287,142901.4299,80203.0284,1936.5,4819.9,1993.75,1710.6,1908.95,
2021,Unallocated England and Wales,England and Wales (unallocated),13.071,0.424,13.495,16.717,30.212,48.4906225,2.8714721,51.3620946,2535.769472,2587.131567,3709.786741,6772.339858,3806.009233,151688.0704,85632.58199,1935.5,5022.9,1999.4,1954,1984.75,
2021,Unallocated Scotland,Scotland (unallocated),2.782,0.093,2.875,3.271,6.146,7.849385933,0.4964458,8.345831733,320.5443079,328.8901397,2821.490271,5338.126882,2902.897994,97995.8141,53512.87661,1939.25,4065.8,1964.6,578.1,1619.85,
2022,K03000001,Great Britain (inc unallocated),25514.157,3566.045,29080.202,2457.455,31537.657,77531.06662,16635.51934,94166.58596,155595.8499,249762.4359,3038.746944,4664.977403,3238.16822,63315.84908,7919.498771,2398,3361.5,2474.4,6862.3,2545.7,3393.827852
2022,K04000001,England and Wales (inc unallocated),23036.101,3248.919,26285.02,2238.449,28523.469,70449.1693,15115.6092,85564.7785,142276.7225,227841.501,3058.207172,4652.504173,3255.267772,63560.40388,7987.860839,2411.8,3351.3,2489,6775.6,2559.9,3391.241847
2022,E92000001,England,21667.089,3163.595,24830.684,2095.436,26926.12,66489.46494,14660.25851,81149.72345,130982.7371,212132.4606,3068.68472,4634.050346,3268.122757,62508.58396,7878.315204,2415.7,3338.6,2494.8,6840.5,2565.6,3399.867057
2022,E12000001,North East,1198.264,53.858,1252.122,83.832,1335.954,3196.827488,252.5026063,3449.330094,6539.374106,9988.7042,2667.882443,4688.302691,2754.787548,78005.70314,7476.832436,2205.8,3375.1,2227.9,7343.4,2283.6,2905.305777
2022,E12000002,North West,3130.698,199.807,3330.505,241.71,3572.215,9257.858234,1001.954268,10259.8125,17093.31813,27353.13064,2957.122736,5014.61044,3080.557604,70718.29107,7657.190465,2414.3,3797.8,2457.9,7797.8,2529.2,3209.238177
2022,E12000003,Yorkshire and The Humber,2309.903,140.513,2450.416,187.537,2637.953,6709.689802,681.5541715,7391.243973,13351.5653,20742.80927,2904.749594,4850.470572,3016.322116,71194.29925,7863.221699,2332.8,3533.7,2369,7524.5,2440.1,3135.903906
2022,E12000004,East Midlands,1598.985,542.476,2141.461,166.09,2307.551,4800.5553,2121.607066,6922.162366,11906.3962,18828.55857,3002.251616,3910.969454,3232.448485,71686.41221,8159.541683,2406.6,2794.5,2492.6,7936.2,2566.4,3338.931387
2022,E12000005,West Midlands,2209.556,325.11,2534.666,203.491,2738.157,6789.522213,1457.535634,8247.057847,13246.97535,21494.0332,3072.799337,4483.207635,3253.705951,65098.58102,7849.817668,2476.8,3208.6,2542.2,7315.8,2613,3327.715698
2022,E12000006,East,2136.877,627.145,2764.022,225.194,2989.216,6920.43304,2869.654636,9790.087676,13877.11493,23667.2026,3238.573413,4575.743465,3541.97169,61622.93368,7917.52841,2517.5,3235.4,2641.7,7460.85,2714.3,3718.226887
2022,E12000007,London,3289.121,391.907,3681.028,394.15,4075.178,9921.232518,1760.957675,11682.19019,22818.45385,34500.64405,3016.378089,4493.304981,3173.62166,57892.81708,8466.045912,2282.4,3369.2,2358.8,5391.6,2427,3247.191468
2022,E13000001,Inner London,1446.449,126.052,1572.501,227.297,1799.798,4124.218169,590.1383721,4714.356541,13720.36328,18434.71982,2851.271057,4681.705742,2997.999073,60363.15166,10242.66047,2065.9,3543.6,2130.8,5031.6,2215.4,3054.861223
2022,E13000002,Outer London,1842.672,265.855,2108.527,166.853,2275.38,5797.014349,1170.819303,6967.833652,9098.09057,16065.92422,3145.982763,4403.976991,3304.597784,54527.58158,7060.765333,2457.5,3300.7,2532.8,5938.1,2589.4805,3391.665228
2022,E12000008,South East,3478.17,563.844,4042.014,339.451,4381.465,11595.54109,2742.27691,14337.818,20211.33268,34549.15068,3333.805159,4863.538336,3547.196521,59541.23771,7885.296512,2565,3571.4,2660.1,6864.5,2729.2,3716.238832
2022,E12000009,South West,2315.515,318.935,2634.45,253.981,2888.431,7297.805256,1772.21554,9070.020795,11938.20658,21008.22737,3151.698545,5556.666844,3442.851751,47004.32936,7273.231513,2450,4389.9,2565.7,6069.7,2642.8,3646.869929
2022,W92000004,Wales,1355.72,84.841,1440.561,126.093,1566.654,3912.68212,452.7174313,4365.399551,8785.217201,13150.61675,2886.054731,5336.069015,3030.346893,69672.52108,8394.07856,2353,3949.2,2398.2,6323.4,2470.8,3203.714146
2022,S92000003,Scotland (inc unallocated),2478.056,317.126,2795.182,219.006,3014.188,7081.897319,1519.910137,8601.807455,13319.12739,21920.93484,2857.843938,4792.764191,3077.369365,60816.26707,7272.583807,2274.6,3488.6,2339.5,7795.05,2413.9,3419.768012
2022,Unallocated Great Britain,Great Britain (unallocated),16.106,0.578,16.684,20.2,36.884,54.56756715,3.1212866,57.68885375,2844.147861,2901.836715,3388.027266,5400.149827,3457.73518,140799.3991,78674.67505,1778.35,4021.2,1841.65,1596.75,1764.65,
2022,Unallocated England and Wales,England and Wales (unallocated),13.292,0.483,13.775,16.92,30.695,47.02223829,2.6332677,49.65550599,2508.768186,2558.423692,3537.634539,5451.9,3604.755426,148272.3514,83349.85151,1786.05,4024.2,1851.9,1840.9,1849,
2022,Unallocated Scotland,Scotland (unallocated),2.814,0.095,2.909,3.28,6.189,7.54532886,0.4880189,8.03334776,335.3796749,343.4130227,2681.353539,5137.041053,2761.549591,102249.9009,55487.64302,1758.8,4018.2,1802.2,560.6,1476,
2023,K03000001,Great Britain (inc unallocated),25726.712,3519.096,29245.808,2435.849,31681.657,80468.77224,15886.1558,96354.92804,152525.4219,248880.35,3127.829636,4514.27179,3294.657752,62616.94462,7855.660769,2463,3294.5,2530.2,6922.8,2600.2,3447.00827
2023,K04000001,England and Wales (inc unallocated),23233.98,3205.635,26439.615,2219.658,28659.273,73213.77194,14457.83777,87671.60971,139438.9437,227110.5534,3151.150683,4510.132243,3315.918545,62820.01266,7924.505041,2482.8,3291.8,2550.4,6829.1,2619.627,3449.208145
2023,E92000001,England,21860.626,3121.152,24981.778,2078.627,27060.405,69088.06277,14022.52067,83110.58344,128364.834,211475.4175,3160.388123,4492.738794,3326.848211,61754.62651,7814.939114,2486.2,3280.1,2555,6884.4,2624.3,3457.060517
2023,E12000001,North East,1203.731,53.226,1256.957,83.799,1340.756,3277.223327,237.9660027,3515.189329,6395.403642,9910.592971,2722.554563,4470.860157,2796.58678,76318.37661,7391.794608,2229.8,3266,2250.8,7178.9,2306,2949.152577
2023,E12000002,North West,3151.813,199.616,3351.429,239.015,3590.444,9677.327523,972.1479443,10649.47547,16565.38482,27214.86029,3070.400282,4870.090295,3177.592444,69306.88375,7579.803581,2490.5,3712.05,2530.5,7932.7,2600.4,3312.964742
2023,E12000003,Yorkshire and The Humber,2326.433,139.119,2465.552,188.573,2654.125,6972.205465,643.5726659,7615.778131,12937.47416,20553.25229,2996.950897,4626.058741,3088.873458,68607.24577,7743.890091,2393.7,3404.9,2425,7372.5,2495.8,3214.02282
2023,E12000004,East Midlands,1623.8,534.041,2157.841,163.266,2321.107,5033.599889,2056.121391,7089.72128,11586.86032,18676.5816,3099.889081,3850.118981,3285.562412,70969.21783,8046.411302,2474,2782.4,2542.1,8233.1,2613.8,3390.379685
2023,E12000005,West Midlands,2226.618,320.974,2547.592,199.466,2747.058,7098.992061,1400.654786,8499.646847,12871.25966,21370.90651,3188.239771,4363.763999,3336.345399,64528.58964,7779.561447,2561.7,3174.4,2616.8,7656.1,2687.7,3403.579532
2023,E12000006,East,2165.65,617.409,2783.059,226.46,3009.519,7188.749508,2738.520323,9927.269831,13634.85926,23562.12909,3319.441973,4435.504379,3567.035349,60208.687,7829.200975,2586.7,3184.1,2689.9,7262.15,2760.4,3742.795054
2023,E12000007,London,3320.446,385.902,3706.348,392.776,4099.124,10204.51084,1678.448634,11882.95947,22782.11921,34665.07868,3073.234993,4349.41678,3206.110024,58002.82911,8456.704086,2337,3287.5,2404.9,5353.65,2472.5,3273.807706
2023,E13000001,Inner London,1463.321,124.841,1588.162,226.082,1814.244,4231.470165,567.8880674,4799.358232,13587.94514,18387.30337,2891.689633,4548.890728,3021.957604,60101.84418,10134.96716,2112,3456.9,2172.4,4998.65,2256.4,3077.985569
2023,E13000002,Outer London,1857.125,261.061,2118.186,166.694,2284.88,5973.040675,1110.560567,7083.601241,9194.17407,16277.77531,3216.283597,4254.027092,3344.182825,55155.99884,7124.127005,2521,3217.7,2584.2,5865.05,2638.4,3421.28087
2023,E12000008,South East,3508.651,556.18,4064.831,335.965,4400.796,12007.32752,2604.54927,14611.87679,19930.31271,34542.1895,3422.206291,4682.925078,3594.707085,59322.5863,7849.077644,2643.9,3482.5,2724.9,6874.7,2791,3760.816245
2023,E12000009,South West,2333.484,314.685,2648.169,249.307,2897.476,7628.12663,1690.539655,9318.666285,11661.16028,20979.82656,3268.986044,5372.16472,3518.909211,46774.29947,7240.72488,2548.5,4233.5,2654.7,6198.2,2727.2,3713.953665
2023,W92000004,Wales,1359.747,84.035,1443.782,123.939,1567.721,4078.572481,432.9352175,4511.507699,8594.096129,13105.60383,2999.508351,5151.844083,3124.784558,69341.33831,8359.65317,2433.5,3835.3,2475.8,6541.4,2547.6,3276.162543
2023,S92000003,Scotland (inc unallocated),2492.732,313.461,2806.193,216.191,3022.384,7255.000301,1428.318026,8683.318327,13086.47829,21769.79662,2910.461414,4556.605211,3094.341097,60532.02165,7202.855964,2286.2,3329.4,2343.7,7914.9,2419.8,3424.953291
2023,Unallocated Great Britain,Great Britain (unallocated),16.226,0.544,16.77,19.032,35.802,54.72611456,2.837149607,57.56326416,2804.189797,2861.753061,3372.742176,5215.348542,3432.514261,147340.7838,79932.77083,1796.05,4002.8,1837.7,2191.5,1921.85,
2023,Unallocated England and Wales,England and Wales (unallocated),13.607,0.448,14.055,17.092,31.147,47.13669326,2.381884007,49.51857727,2480.013482,2529.532059,3464.150309,5316.705373,3523.20009,145097.9102,81212.70296,1774.3,4084.45,1820.8,1816.05,1820.5,
2023,Unallocated Scotland,Scotland (unallocated),2.619,0.096,2.715,1.94,4.655,7.589421295,0.4552656,8.044686895,324.1763153,332.2210022,2897.831728,4742.35,2963.052263,167101.1934,71368.63634,1872.8,3675.4,1921.6,8850.1,2496.7,
2024,K03000001,Great Britain (inc unallocated),25859.165,3485.197,29344.362,2466.418,31810.78,81247.03943,16256.51514,97503.55457,151744.1211,249247.6756,3141.904985,4664.446555,3322.735542,61524.08922,7835.321097,2398,3344.295,2471.1,6934,2543.7,3463.408415
2024,K04000001,England and Wales (inc unallocated),23364.55,3177.15,26541.7,2249.288,28790.988,73964.38022,14739.10722,88703.48743,138886.9329,227590.4203,3165.666799,4639.097058,3342.042425,61747.06523,7904.91873,2415.3,3324.9,2487.6,6842.4,2560.1,3464.966838
2024,E92000001,England,21989.611,3093.156,25082.767,2107.072,27189.839,69807.13025,14291.41166,84098.54191,127881.0855,211979.6275,3174.550484,4620.333298,3352.841491,60691.3696,7796.281083,2418,3310.5,2491.9,6895.4,2564.2,3473.850413
2024,E12000001,North East,1206.275,52.278,1258.553,83.528,1342.081,3303.729257,249.1968191,3552.926076,6378.108714,9931.034789,2738.786145,4766.762674,2823.024597,76358.9301,7399.728324,2188.3,3488.2,2212.3,7401.95,2269.2,2969.189382
2024,E12000002,North West,3162.831,200.168,3362.999,240.731,3603.73,9632.137013,986.0720265,10618.20904,16439.32544,27057.53448,3045.416278,4926.222106,3157.363127,68289.19185,7508.202469,2403.5,3737.05,2445.9,7874.4,2518.5,3285.77411
2024,E12000003,Yorkshire and The Humber,2335.766,138.102,2473.868,186.582,2660.45,7034.884756,664.4489862,7699.333742,12858.02262,20557.35636,3011.810582,4811.291554,3112.265385,68913.52122,7727.022255,2337.9,3533.3,2372.7,7585.9,2444.9,3232.637238
2024,E12000004,East Midlands,1645.117,526.969,2172.086,169.856,2341.942,5136.601613,2085.371616,7221.973229,11605.38957,18827.3628,3122.332097,3957.294671,3324.902066,68324.87266,8039.209681,2408.972563,2775,2486.35,7948.85,2563.4,3424.260004
2024,E12000005,West Midlands,2239.218,320.018,2559.236,206.837,2766.073,7155.738154,1437.211091,8592.949245,12710.24581,21303.19505,3195.641583,4491.032038,3357.622839,61450.54226,7701.602616,2486.3,3195.4,2547.1,7349.7,2621.5,3414.915813
2024,E12000006,East,2188.219,610.947,2799.166,229.144,3028.31,7349.875175,2792.10751,10141.98269,13491.94708,23633.92977,3358.838935,4570.130486,3623.215874,58879.77466,7804.329731,2520.1,3195.2,2631.8,7410.75,2706.7,3796.318547
2024,E12000007,London,3347.275,381.8,3729.075,390.545,4119.62,10382.30274,1702.402625,12084.70537,22716.01022,34800.71559,3101.717888,4458.88587,3240.671043,58164.89835,8447.554773,2287.9,3304.8,2357.4,5436.4,2423.012295,3302.319296
2024,E13000001,Inner London,1476.252,123.399,1599.651,223.569,1823.22,4305.250547,576.7211277,4881.971675,13371.15969,18253.13137,2916.338503,4673.62886,3051.897992,59807.75372,10011.48044,2071.8,3482.2,2130.9,4988.6,2209.8,3101.673258
2024,E13000002,Outer London,1871.023,258.401,2129.424,166.976,2296.4,6077.052197,1125.681498,7202.733695,9344.850533,16547.58423,3247.983695,4356.335686,3382.479814,55965.23173,7205.880608,2466,3235.3,2533.278596,6019.8,2588.7,3453.753426
2024,E12000008,South East,3522.308,551.908,4074.216,343.86,4418.076,12157.15103,2671.891449,14829.04248,20021.48379,34850.52627,3451.473021,4841.189925,3639.729087,58225.68425,7888.168123,2571.3,3539.5,2660.868689,6881.6,2731.6,3790.904076
2024,E12000009,South West,2342.602,310.966,2653.568,255.989,2909.557,7654.710505,1702.709541,9357.420047,11660.55229,21017.97234,3267.610335,5475.548906,3526.353968,45550.98965,7223.770607,2463.5,4284.75,2575.5,6048.7,2653.2,3697.101774
2024,W92000004,Wales,1359.796,83.495,1443.291,125.598,1568.889,4108.790462,445.0776984,4553.86816,8486.841094,13040.70925,3021.6227,5330.591035,3155.197503,67571.46686,8312.066217,2376.3,3954.6,2422.076,6499.55,2498.4,3273.646302
2024,S92000003,Scotland (inc unallocated),2494.615,308.047,2802.662,217.13,3019.792,7282.659209,1517.407924,8800.067133,12857.18822,21657.25535,2919.351968,4925.897424,3139.895975,59214.24132,7171.770556,2243.1,3582.8,2314.2,7915.8,2392.438653,3447.777659
2024,Unallocated Great Britain,Great Britain (unallocated),17.584,0.589,18.173,18.429,36.602,55.64319812,3.087232419,58.73043054,2836.957039,2895.68747,3164.422095,5241.481187,3231.741074,153939.8252,79112.82088,1721.525,3973.2,1764.5,2383.8,1899.5,
2024,Unallocated England and Wales,England and Wales (unallocated),15.143,0.499,15.642,16.618,32.26,48.45950308,2.617855517,51.07735859,2519.006231,2570.083589,3200.125674,5246.203441,3265.398197,151582.9962,79667.81119,1668.9,3867.8,1711.75,1984.4,1778.45,
2024,Unallocated Scotland,Scotland (unallocated),2.441,0.09,2.531,1.811,4.342,7.183695039,0.469376902,7.653071941,317.9508089,325.6038808,2942.931192,5215.298911,3023.734469,175566.4323,74989.37836,1950.8,4173.35,1978.7,11400.1,2652.45,
