Year,Code,Region,Domestic_meters_thouasands,Non_domestic_meters_thousands,All_meters_thousands,Domestic_consumption_GWh,Non_domestic_consumption_GWh,All_consumption_GWh,Domestic_mean_consumption_KWh_per_meter,Non_domestic_mean_consumption_KWh_per_meter,All_mean_consumption_kWh_per_meter,Domestic_median_consumption_kWh_per_meter,Non_domestic_median_consumption_kWh_per_meter,All_median_consumption_kWh_per_meter
2005,K03000001,Great Britain,21594.972,398.187,21993.159,410737.0029,256850.3655,667587.3684,19020.02943,645049.601,30354.31919,,,
2005,E92000001,England,18781.875,347.502,19129.377,355378.62,216506.3204,571884.9403,18921.36009,623036.185,29895.63854,,,
2005,E12000001,North East,1037.403,16.219,1053.622,20710.65816,13952.1582,34662.81636,19963.94666,860235.4153,32898.72113,,,
2005,E12000002,North West,2747.967,48.871,2796.838,53390.87395,35926.28779,89317.16175,19429.22675,735124.8755,31935.05013,,,
2005,E12000003,Yorkshire and The Humber,1989.97,36.997,2026.967,39024.14324,30648.96599,69673.10923,19610.41786,828417.6012,34373.08512,,,
2005,E12000004,East Midlands,1620.786,28.502,1649.288,31469.0213,18936.39939,50405.4207,19415.90148,664388.4426,30561.92775,,,
2005,E12000005,West Midlands,1984.918,36.397,2021.315,37726.18951,22962.79222,60688.98173,19006.42219,630897.9371,30024.5047,,,
2005,E12000006,East,1892.684,33.267,1925.951,35684.43809,20943.31335,56627.75145,18853.88057,629552.2095,29402.48815,,,
2005,E12000007,London,2901.378,60.802,2962.18,52635.32822,27213.85181,79849.18003,18141.49284,447581.5239,26956.22144,,,
2005,E12000008,South East,2964.021,58.644,3022.665,56299.96596,29675.24355,85975.20951,18994.45583,506023.5241,28443.51243,,,
2005,E12000009,South West,1642.748,27.803,1670.551,28438.00153,16247.30805,44685.30957,17311.23795,584372.4794,26748.84488,,,
2005,W92000004,Wales,1041.742,16.083,1057.825,19888.66804,14422.03499,34310.70303,19091.7406,896725.4239,32435.141,,,
2005,S92000003,Scotland,1762.762,34.339,1797.101,35329.22149,25613.53925,60942.76074,20041.96907,745902.305,33911.70598,,,
2005,Unallocated,Unallocated,8.593,0.263,8.856,140.493439,308.470877,448.964316,16349.75433,1172893.068,50696.06098,,,
2006,K03000001,Great Britain,21884.182,378.933,22263.115,399178.6111,229554.7989,628733.4099,18240.50865,605792.5777,28241.035,,,
2006,E92000001,England,19039.371,330.897,19370.268,345227.4482,192266.5148,537493.963,18132.29272,581046.4128,27748.40095,,,
2006,E12000001,North East,1051.044,15.71,1066.754,20018.1322,12316.6753,32334.8075,19045.95069,784002.2469,30311.40028,,,
2006,E12000002,North West,2763.985,46.55,2810.535,51566.90036,30641.61347,82208.51383,18656.72222,658251.632,29250.1299,,,
2006,E12000003,Yorkshire and The Humber,2021.327,35.09,2056.417,37953.89899,26897.67272,64851.57172,18776.7239,766533.8479,31536.19704,,,
2006,E12000004,East Midlands,1648.55,26.946,1675.496,30484.21008,17491.82607,47976.03616,18491.52897,649143.6975,28633.93058,,,
2006,E12000005,West Midlands,2013.379,34.045,2047.424,36676.15832,21172.19312,57848.35144,18216.22175,621888.4747,28254.21185,,,
2006,E12000006,East,1923.171,31.841,1955.012,34679.30238,19765.88829,54445.19067,18032.35509,620768.4522,27849.03145,,,
2006,E12000007,London,2923.45,58.2,2981.65,50943.3979,26006.73279,76950.13069,17425.78047,446851.0788,25807.9019,,,
2006,E12000008,South East,3008.464,56.033,3064.497,55120.7452,23669.05891,78789.8041,18321.88957,422412.8443,25710.51762,,,
2006,E12000009,South West,1686.001,26.482,1712.483,27784.70275,14304.85417,42089.55692,16479.64784,540172.7276,24578.08744,,,
2006,W92000004,Wales,1059.753,15.464,1075.217,19598.52982,12802.77605,32401.30587,18493.48841,827908.4357,30134.66665,,,
2006,S92000003,Scotland,1784.502,32.532,1817.034,34342.37171,24468.20717,58810.57888,19244.79306,752127.3566,32366.2512,,,
2006,Unallocated,Unallocated,0.556,0.04,0.596,10.261383,17.3008,27.562183,18455.72482,432520,46245.27349,,,
2007,K03000001,Great Britain,22223.706,351.31,22575.016,391440.5057,222652.9632,614093.4689,17613.64669,633779.1784,27202.34922,,,
2007,E92000001,England,19292.521,305.762,19598.283,337775.4115,185408.2753,523183.6868,17508.10128,606381.0261,26695.38382,,,
2007,E12000001,North East,1063.481,14.665,1078.146,19452.70506,11632.90182,31085.60688,18291.53982,793242.5377,28832.46506,,,
2007,E12000002,North West,2798.573,42.951,2841.524,50182.73503,30007.6474,80190.38243,17931.54405,698648.3993,28220.90626,,,
2007,E12000003,Yorkshire and The Humber,2045.005,31.999,2077.004,37013.2967,26356.32049,63369.61719,18099.36734,823660.7546,30510.1084,,,
2007,E12000004,East Midlands,1676.326,24.637,1700.963,29877.57415,16412.8435,46290.41765,17823.24808,666186.772,27214.24138,,,
2007,E12000005,West Midlands,2035.305,31.209,2066.514,35695.42975,20502.45242,56197.88217,17538.12316,656940.3832,27194.53252,,,
2007,E12000006,East,1954.462,29.286,1983.748,34167.75004,18907.86917,53075.61922,17481.92088,645628.2583,26755.22255,,,
2007,E12000007,London,2951.986,53.628,3005.614,49920.58502,24428.743,74349.32802,16910.84748,455522.1712,24736.81851,,,
2007,E12000008,South East,3051.778,52.414,3104.192,54319.18507,23253.35905,77572.54412,17799.19282,443647.8621,24989.60893,,,
2007,E12000009,South West,1715.605,24.973,1740.578,27146.1507,13906.13848,41052.28917,15823.0774,556846.9338,23585.43494,,,
2007,W92000004,Wales,1073.385,14.229,1087.614,18837.49259,12100.1786,30937.67119,17549.61415,850388.5442,28445.45141,,,
2007,S92000003,Scotland,1833.977,31.222,1865.199,34469.14623,25120.63009,59589.77632,18794.75382,804581.0675,31948.21374,,,
2007,Unallocated,Unallocated,23.823,0.097,23.92,358.45537,23.879174,382.334544,15046.60916,246177.0515,15983.88562,,,
2008,K03000001,Great Britain,22327.126,324.227,22651.353,377472.5369,208982.5763,586455.1132,16906.45437,644556.3641,25890.5114,,,
2008,E92000001,England,19397.298,281.804,19679.102,325846.6535,173461.9321,499308.5856,16798.55893,615541.0574,25372.52897,,,
2008,E12000001,North East,1065.613,13.705,1079.318,18603.78198,10631.88816,29235.67014,17458.29112,775767.104,27087.16999,,,
2008,E12000002,North West,2805.841,39.873,2845.714,48419.77612,27334.99693,75754.77305,17256.77831,685551.5494,26620.65585,,,
2008,E12000003,Yorkshire and The Humber,2049.541,29.269,2078.81,35501.95407,24025.9412,59527.89527,17321.90479,820866.4868,28635.56326,,,
2008,E12000004,East Midlands,1683.752,22.582,1706.334,28749.91881,15395.19642,44145.11523,17074.91294,681746.3651,25871.32134,,,
2008,E12000005,West Midlands,2040.858,28.798,2069.656,34452.47133,18330.73514,52783.20647,16881.36624,636528.0624,25503.3718,,,
2008,E12000006,East,1971.521,26.727,1998.248,33014.78093,18723.05759,51737.83852,16745.84289,700529.7113,25891.6003,,,
2008,E12000007,London,2970.467,49.67,3020.137,48527.7546,24271.64779,72799.40239,16336.74254,488658.0993,24104.66889,,,
2008,E12000008,South East,3076.913,48.155,3125.068,52375.82038,22149.68481,74525.50519,17022.19737,459966.4586,23847.64274,,,
2008,E12000009,South West,1732.792,23.025,1755.817,26200.39528,12598.7841,38799.17938,15120.33486,547178.4625,22097.50753,,,
2008,W92000004,Wales,1079.859,12.996,1092.855,18254.64762,11429.53033,29684.17794,16904.65849,879465.2452,27162.04615,,,
2008,S92000003,Scotland,1847.885,29.41,1877.295,33341.36675,24083.11405,57424.4808,18042.98793,818875.0101,30588.94888,,,
2008,Unallocated,Unallocated,2.084,0.017,2.101,29.869065,7.999738,37.868803,14332.56478,470572.8235,18024.18039,,,
2009,K03000001,Great Britain,22584.216,288.729,22872.945,347409.5735,191647.9731,539057.5466,15382.84851,663764.1978,23567.47444,,,
2009,E92000001,England,19586.611,251.115,19837.726,299804.1695,158547.2675,458351.437,15306.58721,631373.1457,23105.03921,,,
2009,E12000001,North East,1076.54,12.213,1088.753,16918.32645,9465.214016,26383.54047,15715.46478,775011.3826,24232.80622,,,
2009,E12000002,North West,2824.408,34.993,2859.401,44104.88788,25894.91566,69999.80354,15615.62206,740002.7338,24480.58301,,,
2009,E12000003,Yorkshire and The Humber,2074.293,25.82,2100.113,32689.90588,22131.99888,54821.90476,15759.54114,857164.945,26104.26427,,,
2009,E12000004,East Midlands,1705.428,20.115,1725.543,26489.55934,14770.97494,41260.53428,15532.49937,734326.3701,23911.62334,,,
2009,E12000005,West Midlands,2059.856,25.502,2085.358,31547.1614,16279.37252,47826.53392,15315.2266,638356.6983,22934.44767,,,
2009,E12000006,East,1992.742,24.177,2016.919,30755.54543,16964.88297,47720.4284,15433.78191,701695.1222,23660.06191,,,
2009,E12000007,London,2981.954,44.833,3026.787,44939.30515,22447.84397,67387.14912,15070.422,500699.1272,22263.59143,,,
2009,E12000008,South East,3109.601,42.551,3152.152,48311.16215,19166.99396,67478.15611,15536.12896,450447.5561,21407.01213,,,
2009,E12000009,South West,1761.789,20.911,1782.7,24048.31582,11425.07058,35473.38639,13649.94095,546366.5332,19898.68536,,,
2009,W92000004,Wales,1092.171,11.516,1103.687,16586.57531,10402.71881,26989.29412,15186.79338,903327.4411,24453.75738,,,
2009,S92000003,Scotland,1885.286,25.848,1911.134,30729.86146,20377.71647,51107.57793,16299.84069,788367.242,26742.01701,,,
2009,Unallocated,Unallocated,20.148,0.25,20.398,288.967263,2320.270304,2609.237567,14342.23064,9281081.216,127916.3431,,,
2010,K03000001,Great Britain,22718.973,284.139,23003.112,344321.0609,196320.9603,540642.0212,15155.66135,690932.8192,23502.99478,,,
2010,E92000001,England,19683.353,247.274,19930.627,297406.7274,162960.0928,460366.8202,15109.55615,659026.3951,23098.46149,,,
2010,E12000001,North East,1080.768,11.923,1092.691,16620.4536,9478.474684,26098.92829,15378.37316,794973.9733,23885.00343,,,
2010,E12000002,North West,2833.501,34.101,2867.602,43159.85557,26673.46352,69833.3191,15231.98883,782190.0684,24352.51443,,,
2010,E12000003,Yorkshire and The Humber,2083.114,25.578,2108.692,32486.13364,22541.14933,55027.28297,15594.98599,881270.988,26095.45774,,,
2010,E12000004,East Midlands,1714.82,19.904,1734.724,26448.51543,14815.58319,41264.09862,15423.49368,744352.0492,23787.12615,,,
2010,E12000005,West Midlands,2068.149,24.96,2093.109,31161.4495,16743.35704,47904.80653,15067.31357,670807.5736,22886.91441,,,
2010,E12000006,East,2004.529,23.978,2028.507,30751.22949,17361.38799,48112.61748,15340.87533,724054.8833,23718.2408,,,
2010,E12000007,London,2987.734,44.259,3031.993,44701.21924,22721.97481,67423.19406,14961.57933,513386.5386,22237.25254,,,
2010,E12000008,South East,3130.822,41.931,3172.753,48158.25029,21256.89879,69415.14908,15381.98284,506949.4833,21878.52287,,,
2010,E12000009,South West,1779.916,20.64,1800.556,23919.62063,11367.80347,35287.4241,13438.6233,550765.6721,19598.07087,,,
2010,W92000004,Wales,1100.023,11.242,1111.265,16141.7768,10327.31094,26469.08774,14674.03573,918636.4472,23818.88005,,,
2010,S92000003,Scotland,1905.222,25.381,1930.603,30329.85587,22859.96059,53189.81646,15919.32902,900672.1797,27550.88253,,,
2010,Unallocated,Unallocated,30.375,0.242,30.617,442.700837,173.595966,616.296803,14574.51315,717338.7025,20129.23549,,,
2011,K03000001,Great Britain,22838.766,274.731,23113.497,324429.6988,188736.111,513165.8098,14205.22014,686985.1273,22201.99781,,,
2011,E92000001,England,19780.042,238.91,20018.952,280025.3412,156616.5145,436641.8556,14156.96393,655546.0821,21811.42428,,,
2011,E12000001,North East,1082.879,11.504,1094.383,15615.63456,8767.820108,24383.45467,14420.47963,762154.0428,22280.54956,,,
2011,E12000002,North West,2846.496,32.543,2879.039,40474.79982,26260.65255,66735.45238,14219.16624,806952.4184,23179.76671,,,
2011,E12000003,Yorkshire and The Humber,2090.237,25.008,2115.245,30882.52062,21876.54765,52759.06827,14774.65025,874781.9756,24942.29664,,,
2011,E12000004,East Midlands,1725.961,19.356,1745.317,25006.60404,14306.56161,39313.16565,14488.51048,739128.0023,22524.94283,,,
2011,E12000005,West Midlands,2076.485,24.422,2100.907,29547.70241,16257.78216,45805.48457,14229.67294,665702.3243,21802.71881,,,
2011,E12000006,East,2018.521,23.237,2041.758,28852.48919,16373.88054,45226.36973,14293.87615,704646.9225,22150.70039,,,
2011,E12000007,London,3001.96,42.658,3044.618,42077.67783,21837.31033,63914.98816,14016.73501,511915.9439,20992.77747,,,
2011,E12000008,South East,3145.485,40.35,3185.835,45344.75737,20065.41435,65410.17172,14415.82375,497284.1226,20531.56291,,,
2011,E12000009,South West,1792.018,19.832,1811.85,22223.15532,10870.54518,33093.70051,12401.18979,548131.5642,18265.14364,,,
2011,W92000004,Wales,1103.555,10.848,1114.403,14997.07471,9690.910229,24687.98494,13589.78457,893336.1199,22153.55211,,,
2011,S92000003,Scotland,1922.357,24.678,1947.035,28958.51331,22178.96042,51137.47373,15064.06631,898734.112,26264.28068,,,
2011,Unallocated,Unallocated,32.812,0.295,33.107,448.769633,249.725887,698.49552,13676.99723,846528.4305,21098.12185,,,
2012,K03000001,Great Britain,22959.854,271.814,23231.668,323186.4738,186860.3646,510046.8384,14076.15544,687456.7337,21954.8092,12660,154000,12767
2012,E92000001,England,19847.925,234.906,20082.831,278715.4768,154319.7694,433035.2461,14042.54988,656942.6468,21562.4603,12627,152400,12733
2012,E12000001,North East,1085.561,11.496,1097.057,15667.68179,8591.449543,24259.13133,14432.79722,747342.5142,22112.91786,13367,162422,13457
2012,E12000002,North West,2863.783,31.961,2895.744,40245.18963,26238.13327,66483.32289,14053.15613,820942.1879,22958.97804,12756,155729,12855
2012,E12000003,Yorkshire and The Humber,2094.304,24.382,2118.686,30480.05587,22185.40113,52665.457,14553.78773,909908.9956,24857.60372,13248,152617,13351
2012,E12000004,East Midlands,1733.875,18.869,1752.744,24869.72849,14341.80856,39211.53705,14343.43796,760072.5293,22371.51406,13183,155869,13277
2012,E12000005,West Midlands,2080.491,23.675,2104.166,29210.49182,16072.54597,45283.03779,14040.19139,678882.6175,21520.65844,12851,162702,12949
2012,E12000006,East,2025.903,22.716,2048.619,28804.19546,15793.52823,44597.72369,14217.9539,695260.0913,21769.65248,12797,150044,12892
2012,E12000007,London,3003.95,41.981,3045.931,41659.72605,21378.14939,63037.87544,13868.3154,509233.9247,20695.76607,11999,151024,12143
2012,E12000008,South East,3153.042,39.926,3192.968,45345.48507,18699.51696,64045.00203,14381.50366,468354.3796,20058.1409,12717,141960,12831
2012,E12000009,South West,1807.016,19.9,1826.916,22432.92261,11019.23632,33452.15893,12414.34642,553730.4685,18310.72635,11021,152855,11108
2012,W92000004,Wales,1105.414,10.763,1116.177,14905.24582,9370.888434,24276.13425,13483.85837,870657.6637,21749.35897,12428,157606,12510
2012,S92000003,Scotland,1944.451,24.605,1969.056,28801.63188,21729.26933,50530.90121,14812.21788,883124.1345,25662.50082,13236,167201,13361
2012,Unallocated,Unallocated,62.063,1.54,63.603,764.106136,1440.437464,2204.5436,12311.78216,935349.0026,34661.00027,10639,205188,10698
2013,K03000001,Great Britain,23074.102,272.668,23346.77,315655.8776,182746.3744,498402.2521,13680.09371,670215.6997,21347.80323,12218,154330,12321
2013,E92000001,England,19943.573,236.169,20179.742,272428.6647,151747.7698,424176.4345,13659.9728,642538.9015,21019.91366,12195,152633,12297
2013,E12000001,North East,1089.478,11.668,1101.146,15301.27358,8600.366408,23901.63999,14044.59161,737090.0247,21706.14976,12953,162636,13046
2013,E12000002,North West,2876.018,31.817,2907.835,39022.0627,25618.19036,64640.25306,13568.08709,805173.0321,22229.68396,12233,155310,12330
2013,E12000003,Yorkshire and The Humber,2103.108,24.363,2127.471,29505.97129,22043.24258,51549.21387,14029.69857,904783.589,24230.27805,12697,152900,12796
2013,E12000004,East Midlands,1745.256,18.999,1764.255,24291.547,13974.92457,38266.47156,13918.61538,735561.0594,21689.87565,12698,155596,12791
2013,E12000005,West Midlands,2089.309,23.825,2113.134,28394.57518,16287.77497,44682.35015,13590.41443,683642.1813,21145.06233,12352,163026,12448
2013,E12000006,East,2040.34,22.933,2063.273,28258.53409,15363.72465,43622.25874,13849.91427,669939.5915,21142.26219,12360,149346,12456
2013,E12000007,London,3009.066,42.515,3051.581,41064.81864,20881.64147,61946.46011,13647.03155,491159.39,20299.79218,11712,153443,11859
2013,E12000008,South East,3168.797,40.038,3208.835,44491.07605,18218.34417,62709.42023,14040.36802,455026.3293,19542.73754,12319,142079,12432
2013,E12000009,South West,1822.201,20.011,1842.212,22098.80619,10759.56065,32858.36684,12127.53488,537682.3071,17836.36565,10704,152946,10789
2013,W92000004,Wales,1111.176,10.769,1121.945,14476.98115,8976.152538,23453.13368,13028.52216,833517.7396,20903.9959,11928,157668,12009
2013,S92000003,Scotland,1964.904,24.23,1989.134,28073.05593,20574.4034,48647.45934,14287.24046,849129.3192,24456.60239,12711,168056,12830
2013,Unallocated,Unallocated,54.449,1.5,55.949,677.175837,1448.048647,2125.224484,12436.8829,965365.7647,37985.03072,10639,220820,10878
2014,K03000001,Great Britain,23234.729,270.753,23505.482,311925.7481,189359.4213,501285.1694,13424.97897,699380.695,21326.30888,11958,155083,12060
2014,E92000001,England,20062.071,233.745,20295.816,269076.3438,157209.6622,426286.006,13412.19178,672569.0913,21003.63967,11947,153200,12048
2014,E12000001,North East,1096.2,11.415,1107.615,14942.45151,8340.662651,23283.11416,13631.1362,730675.6593,21020.94515,12526,164579,12604
2014,E12000002,North West,2891.862,31.213,2923.075,38204.61389,26231.93908,64436.55296,13211.07781,840417.1043,22044.09841,11881,155812,11973
2014,E12000003,Yorkshire and The Humber,2114.105,24.178,2138.283,29343.60497,22879.82206,52223.42702,13879.91844,946307.4719,24423.06609,12525,152180,12623
2014,E12000004,East Midlands,1760.071,18.937,1779.008,24226.68975,14253.32997,38480.01973,13764.60935,752670.9602,21630.04311,12528,155221,12616
2014,E12000005,West Midlands,2101.324,23.645,2124.969,28183.14784,17405.50816,45588.656,13412.09059,736117.9176,21453.79815,12175,164124,12262
2014,E12000006,East,2057.784,22.397,2080.181,27858.77185,15896.53848,43755.31033,13538.23912,709761.9538,21034.37649,12072,149171,12161
2014,E13000001,Inner London,1214.245,22.755,1237,13985.09858,12100.98408,26086.08266,11517.52618,531794.5103,21088.18324,9366,169015,9534
2014,E13000002,Outer London,1800.644,19.518,1820.162,26304.66194,9381.152772,35685.81471,14608.47449,480641.0888,19605.84536,12909,141257,13021
2014,E12000008,South East,3187.282,39.923,3227.205,44188.37511,18947.86285,63136.23796,13863.96783,474610.196,19563.7519,12151,142090,12259
2014,E12000009,South West,1838.554,19.764,1858.318,21838.92836,11771.86214,33610.79049,11878.31761,595621.4399,18086.67327,10462,153990.5,10545
2014,W92000004,Wales,1116.594,10.671,1127.265,14262.8996,9359.182862,23622.08246,12773.57715,877067.0848,20955.2168,11657,158450,11736
2014,S92000003,Scotland,1979.737,23.852,2003.589,27699.51306,20441.45084,48140.9639,13991.51153,857012.0259,24027.36484,12375,169047.5,12491
2014,Unallocated,Unallocated,76.327,2.485,78.812,886.991651,2349.125376,3236.117027,11620.94214,945322.0829,41061.22198,9591,234530,9904.5
2015,K03000001,Great Britain (inc unallocated),23090.318,262.975,23353.293,308683.4885,179703.1828,488386.6714,13368.52479,683347.0209,20912.96809,11807.92079,155099.0196,11905.04451
2015,K04000001,England and Wales (inc unallocated),21103.102,239.32,21342.422,281208.4319,159561.674,440770.1059,13325.4548,666729.375,20652.30019,11779.52756,153875.9843,11876.23762
2015,E92000001,England,19982.672,228.239,20210.911,267221.9548,148477.923,415699.8778,13372.68383,650537.038,20568.09205,11810.65089,153508.4075,11907.9334
2015,E12000001,North East,1092.894,11.052,1103.946,14799.52964,8290.279107,23089.80875,13541.59657,750115.7353,20915.70489,12350.14837,166493.0762,12432.2453
2015,E12000002,North West,2869.201,30.165,2899.366,37473.78649,24575.73311,62049.5196,13060.70453,814710.1977,21401.06478,11638.58962,157292.7794,11725.75906
2015,E12000003,Yorkshire and The Humber,2101.608,23.575,2125.183,29091.88344,20070.64217,49162.52561,13842.67829,851352.796,23133.31398,12381.88976,152737.4631,12477.36221
2015,E12000004,East Midlands,1761.317,18.501,1779.818,23896.24955,14108.16312,38004.41267,13567.2622,762562.1922,21352.97692,12233.33333,156356.2992,12318.62745
2015,E12000005,West Midlands,2093.516,23.272,2116.788,28000.77478,17383.77134,45384.54612,13374.99918,746982.268,21440.28884,12019.82161,162275.6917,12103.75494
2015,E12000006,East,2059.484,22.154,2081.638,28093.95496,14640.67456,42734.62953,13641.25915,660859.1931,20529.32812,12092.07921,149630.3271,12177.22772
2015,E12000007,London,2969.156,41.377,3010.533,40065.7827,20287.51204,60353.29474,13493.99718,490308.9166,20047.37857,11474.35897,155865.2131,11614.39842
2015,E13000001,Inner London,1184.121,22.321,1206.442,13854.83181,12088.22849,25943.0603,11700.52031,541563.0344,21503.77747,9449.704142,171139.3281,9614.243324
2015,E13000002,Outer London,1785.035,19.056,1804.091,26210.95089,8199.283554,34410.23444,14683.71818,430273.0664,19073.44721,12882.643,141097.4355,12992.11045
2015,E12000008,South East,3191.121,38.976,3230.097,44008.26607,17954.21044,61962.47651,13790.84844,460647.8458,19182.85318,12000,142843.1657,12103.5503
2015,E12000009,South West,1844.375,19.167,1863.542,21791.72718,11166.93713,32958.66431,11815.23669,582612.6745,17686.03246,10304.26164,152001.9361,10383.54807
2015,W92000004,Wales,1111.936,10.257,1122.193,13871.00285,8966.115749,22837.1186,12474.64139,874146.0222,20350.43758,11264.93634,158842.6197,11339.86288
2015,S92000003,Scotland (inc unallocated),1987.216,23.655,2010.871,27475.05668,20141.50881,47616.56549,13825.90351,851469.4064,23679.57243,12124.87611,169826.9041,12234.88603
2015,Unallocated Great Britain,Great Britain (unallocated),9.791,0.897,10.688,130.8223083,2156.129927,2286.952235,13361.48589,2403712.293,213973.8244,10145,228410.4331,11049.01961
2015,Unallocated England and Wales,England and Wales (unallocated),8.494,0.824,9.318,115.4741874,2117.635243,2233.10943,13594.79485,2569945.683,239655.4443,10362.82726,220813.3236,11296.32645
2015,Unallocated Scotland,Scotland (unallocated),1.297,0.073,1.37,15.34812089,38.49468376,53.84280466,11833.55504,527324.4351,39301.31727,8895.936571,316319.4857,9413.776016
2016,K03000001,Great Britain (inc unallocated),23251.516,264.003,23515.519,309957.7816,175050.4063,485008.1879,13330.64827,663062.1859,20625.02588,11788.38583,151361.0287,11884.42703
2016,K04000001,England and Wales (inc unallocated),21236.444,240.267,21476.711,282315.3868,155398.7113,437714.098,13293.91054,646775.0929,20380.87201,11768.62745,150158.4646,11863.63636
2016,E92000001,England,20107.678,229.108,20336.786,268310.0961,144483.8652,412793.9613,13343.66386,630636.4909,20297.89571,11802.15475,149776.6798,11899.0099
2016,E12000001,North East,1099.56,11.25,1110.81,14886.92354,8090.096474,22977.02001,13538.98244,719119.6865,20684.92362,12331.35509,157868.4471,12412.46291
2016,E12000002,North West,2878.529,30.582,2909.111,37672.67859,23941.93802,61614.61661,13087.47579,782876.791,21179.87819,11685.60235,151778.9216,11773.75122
2016,E12000003,Yorkshire and The Humber,2106.201,23.59,2129.791,28907.44406,19712.15983,48619.60389,13724.92182,835615.0841,22828.34508,12268.70079,148750.6208,12360.23622
2016,E12000004,East Midlands,1776.669,18.569,1795.238,24133.27782,13838.73669,37972.01452,13583.4406,745260.2021,21151.52114,12260.78431,151640.748,12343.13726
2016,E12000005,West Midlands,2103.669,23.545,2127.214,28349.21748,16924.17919,45273.39668,13476.08273,718801.4098,21282.95351,12127.47036,157095.8498,12217.3913
2016,E12000006,East,2079.317,22.043,2101.36,28147.70168,13129.8007,41277.50238,13536.99397,595644.9076,19643.23218,12015.84158,147249.0119,12100
2016,E12000007,London,2965.808,41.254,3007.062,39954.12594,19926.61169,59880.73763,13471.58209,483022.5357,19913.3698,11497.04142,153155.6324,11635.01484
2016,E13000001,Inner London,1180.772,22.259,1203.031,13815.6515,12101.47977,25917.13127,11700.52432,543666.821,21543.19487,9494.08284,167085.9684,9656.804733
2016,E13000002,Outer London,1785.036,18.995,1804.031,26138.47444,7825.131918,33963.60635,14643.10772,411957.4582,18826.50928,12886.58777,138972.3593,12995.0495
2016,E12000008,South East,3228.241,38.949,3267.19,44213.9368,17703.0104,61916.9472,13695.98391,454517.713,18951.13146,11928.50147,140201.382,12032.32125
2016,E12000009,South West,1869.684,19.326,1889.01,22044.79024,11217.33215,33262.12239,11790.65031,580426.9972,17608.22991,10319.12785,148710.0678,10395.44103
2016,W92000004,Wales,1119.464,10.34,1129.804,13882.70274,8911.480912,22794.18365,12401.20517,861845.3494,20175.34338,11212.53673,154667.7304,11285.99412
2016,S92000003,Scotland (inc unallocated),2015.072,23.736,2038.808,27642.39483,19651.69501,47294.08984,13717.81993,827927.8314,23196.93166,12013.87512,166533.6301,12121.90287
2016,Unallocated Great Britain,Great Britain (unallocated),10.747,0.892,11.639,139.4963971,2042.636711,2182.133108,12980.03137,2289951.47,187484.587,9901.883053,220509.3473,10623.38949
2016,Unallocated England and Wales,England and Wales (unallocated),9.302,0.819,10.121,122.587884,2003.365191,2125.953075,13178.65878,2446111.344,210053.6582,10069.04995,218452.9412,10788.32839
2016,Unallocated Scotland,Scotland (unallocated),1.445,0.073,1.518,16.90851308,39.27152018,56.18003326,11701.39314,537966.0298,37009.24457,8804.757185,286560.8309,9326.065411
2017,K03000001,Great Britain (inc unallocated),23623.241,267.76,23891.001,320278.4005,179427.768,499706.1685,13557.76714,670106.6925,20916.08336,12054.34783,151841.8972,12149.50495
2017,K04000001,England and Wales (inc unallocated),21569.165,243.523,21812.688,291750.422,159732.0159,451482.438,13526.27336,655921.6827,20698.15687,12042.11557,150729.4351,12135.29412
2017,E92000001,England,20423.903,232.134,20656.037,277128.1027,148011.571,425139.6737,13568.81212,637612.6332,20581.86058,12067.19368,150397.9381,12161.60627
2017,E12000001,North East,1118.687,11.19,1129.877,15408.75249,8263.907836,23672.66033,13773.96224,738508.2963,20951.53749,12620.17804,159169.1395,12698.3185
2017,E12000002,North West,2924.13,31.093,2955.223,39187.45955,25167.49646,64354.95601,13401.40813,809426.4452,21776.68352,12046.0333,153509.8039,12132.22331
2017,E12000003,Yorkshire and The Humber,2140.503,23.989,2164.492,30040.36875,20373.81124,50414.17999,14034.25679,849298.0634,23291.46053,12628.68369,149094.3026,12722.00393
2017,E12000004,East Midlands,1811.016,18.83,1829.846,24952.77046,14666.76259,39619.53305,13778.32689,778904.0142,21651.84013,12503.92157,151477.4067,12581.37255
2017,E12000005,West Midlands,2140.243,23.983,2164.226,29391.17505,16366.01086,45757.18591,13732.63459,682400.4863,21142.51742,12423.91304,156865.6126,12514.82213
2017,E12000006,East,2113.583,22.443,2136.026,29192.10686,13005.16503,42197.27188,13811.66808,579475.3388,19755.03664,12309.90099,147572.8444,12393.06931
2017,E12000007,London,2990.086,41.744,3031.83,40915.2873,20390.35865,61305.64595,13683.649,488462.0222,20220.67397,11751.48515,154419.7551,11886.25124
2017,E13000001,Inner London,1187.793,22.402,1210.195,14132.3778,12354.5824,26486.9602,11898.01405,551494.6164,21886.52258,9735.905045,168636.0505,9898.422091
2017,E13000002,Outer London,1802.293,19.342,1821.635,26782.9095,8035.776257,34818.68576,14860.46359,415457.36,19113.97495,13141.02564,140091.3554,13250.4931
2017,E12000008,South East,3281.118,39.207,3320.325,45226.08411,18277.4869,63503.57101,13783.74204,466179.1747,19125.70938,12043.095,140567.0911,12142.01763
2017,E12000009,South West,1904.537,19.655,1924.192,22814.09809,11500.57143,34314.66952,11978.8159,585121.9246,17833.2877,10526.26363,149512.1007,10600.59465
2017,W92000004,Wales,1135.499,10.566,1146.065,14496.34013,9722.574533,24218.91466,12766.49308,920175.5189,21132.23478,11625.857,154860.7038,11698.33497
2017,S92000003,Scotland (inc unallocated),2054.076,24.237,2078.313,28527.97848,19695.75206,48223.73054,13888.47271,812631.599,23203.30506,12200.19822,165642.9278,12306.24381
2017,Unallocated Great Britain,Great Britain (unallocated),11.331,0.901,12.232,144.2411717,2035.857885,2180.099057,12729.78305,2259553.701,178229.1577,9834.980237,227535.6794,10498.53085
2017,Unallocated England and Wales,England and Wales (unallocated),9.763,0.823,10.586,125.9792556,1997.870394,2123.84965,12903.7443,2427546.044,200628.1551,9882.468168,221853.3201,10612.04403
2017,Unallocated Scotland,Scotland (unallocated),1.568,0.078,1.646,18.26191606,37.98749052,56.24940658,11646.63014,487019.1092,34173.39403,9242.814668,289799.6532,9686.818632
2018,K03000001,Great Britain (inc unallocated),23879.941,278.471,24158.412,319871.1039,182005.6144,501876.7183,13394.97045,653589.1148,20774.40845,11841.42716,149252.7147,11939.60396
2018,K04000001,England and Wales (inc unallocated),21802.196,253.45,22055.646,291487.6703,162684.3403,454172.0106,13369.64727,641879.4252,20592.0974,11833.33333,148349.1356,11930.46033
2018,E92000001,England,20645.678,241.644,20887.322,276929.083,151130.0245,428059.1075,13413.41675,625424.2791,20493.72856,11858.9618,148073.5795,11957.59369
2018,E12000001,North East,1128.093,11.747,1139.84,15128.20443,8494.832257,23623.03669,13410.42311,723149.0812,20724.87076,12215.62809,156860.5341,12299.70326
2018,E12000002,North West,2955.273,32.091,2987.364,39042.59304,25633.71605,64676.30909,13211.16291,798782.0901,21649.95932,11813.90793,151135.2941,11902.05681
2018,E12000003,Yorkshire and The Humber,2160.55,24.822,2185.372,29890.54412,20680.05765,50570.60176,13834.69215,833134.2215,23140.50046,12388.23529,146801.6732,12480.39216
2018,E12000004,East Midlands,1838.922,19.653,1858.575,24996.30909,15282.23408,40278.54317,13592.91427,777603.1181,21671.73408,12270.58824,148815.9449,12357.84314
2018,E12000005,West Midlands,2164.073,25.134,2189.207,29515.82179,16617.92117,46133.74296,13639.01393,661172.9596,21073.26669,12266.79842,153286.5613,12359.68379
2018,E12000006,East,2146.483,23.074,2169.557,29019.96159,13915.59239,42935.55398,13519.77239,603085.3945,19790.00966,11976.23762,146301.3227,12065.34653
2018,E12000007,London,2994.338,43.86,3038.198,40896.88131,20432.60137,61329.48268,13658.0711,465859.5843,20186.13753,11663.70809,150913.5741,11812.06726
2018,E13000001,Inner London,1187.255,23.268,1210.523,14119.40543,12448.41756,26567.823,11892.47923,535001.6144,21947.39216,9679.207921,164379.4466,9849.653808
2018,E13000002,Outer London,1807.083,20.592,1827.675,26777.47588,7984.183802,34761.65968,14818.0664,387732.3136,19019.6067,13048.32347,138151.4326,13164.69428
2018,E12000008,South East,3326.191,40.775,3366.966,45473.31122,18477.6408,63950.95202,13671.28683,453161.0251,18993.64354,11885.60158,138823.2971,11985.30852
2018,E12000009,South West,1931.755,20.488,1952.243,22965.45642,11595.42874,34560.88516,11888.38979,565961.9652,17703.16767,10380.99902,147563.8916,10461.31244
2018,W92000004,Wales,1144.583,11.007,1155.59,14403.98604,9691.216721,24095.20276,12584.48364,880459.4096,20850.99625,11399.60823,151869.9902,11476.00392
2018,S92000003,Scotland (inc unallocated),2077.745,25.021,2102.766,28383.43361,19321.27407,47704.70769,13660.69157,772202.313,22686.64592,11935.57978,160757.6657,12044.59861
2018,Unallocated Great Britain,Great Britain (unallocated),13.866,0.871,14.737,178.3677768,1897.889403,2076.25718,12863.67927,2178977.501,140887.3706,10465.80773,231939.7233,11030.72349
2018,Unallocated England and Wales,England and Wales (unallocated),11.935,0.799,12.734,154.6012736,1863.099098,2017.700372,12953.60482,2331788.609,158449.8486,10423.11459,228410.4331,11030.72349
2018,Unallocated Scotland,Scotland (unallocated),1.931,0.072,2.003,23.76650326,34.79030503,58.55680829,12307.87326,483198.6809,29234.55232,10654.11298,298467.7579,10971.25867
2019,K03000001,Great Britain (inc unallocated),23995.409,265.215,24260.624,324318.2216,175924.0252,500242.2468,13515.8447,663326.0758,20619.51279,11950.49505,147698.6166,12043.52127
2019,K04000001,England and Wales (inc unallocated),21899.366,241.377,22140.743,295467.6066,156784.9813,452252.5879,13492.06213,649543.9968,20426.26067,11943.13725,146888.4501,12035.25955
2019,E92000001,England,20736.271,230.224,20966.495,280619.2485,145919.1097,426538.3581,13532.77301,633813.6322,20343.80845,11965.68627,146477.5088,12059.1716
2019,E12000001,North East,1135.151,11.18,1146.331,15410.35225,8343.76841,23754.12066,13575.59677,746312.0224,20721.86887,12370.91988,154906.0336,12451.03858
2019,E12000002,North West,2965.053,30.843,2995.896,39710.49649,25272.60541,64983.10191,13392.84542,819395.176,21690.70686,11970.61704,150174.5098,12056.80705
2019,E12000003,Yorkshire and The Humber,2172.318,23.293,2195.611,30363.77407,20043.67987,50407.45394,13977.59171,860502.2914,22958.28083,12511.81102,147825.9587,12600
2019,E12000004,East Midlands,1845.34,18.739,1864.079,25183.16924,14769.17988,39952.34912,13646.89935,788151.9759,21432.75533,12306.86274,148377.9528,12389.32806
2019,E12000005,West Midlands,2173.996,23.985,2197.981,29897.38334,15587.93902,45485.32237,13752.27155,649903.6491,20694.13811,12366.60079,152456.5217,12458.82353
2019,E12000006,East,2155.627,22.003,2177.63,29190.14467,13268.6217,42458.76636,13541.37087,603036.9357,19497.69537,11990.09901,142500.4955,12076.23762
2019,E12000007,London,3000.102,41.839,3041.941,41446.4479,19816.48428,61262.93218,13815.01292,473636.6615,20139.42157,11819.98022,147150.0494,11958.45697
2019,E13000001,Inner London,1188.381,22.022,1210.403,14296.88373,11981.41653,26278.30026,12030.55563,544065.7764,21710.37271,9814.0455,159132.9051,9976.331361
2019,E13000002,Outer London,1811.721,19.817,1831.538,27149.56416,7835.067753,34984.63192,14985.51055,395371.0326,19101.23182,13206.72601,135533.0701,13318.49654
2019,E12000008,South East,3343.732,38.832,3382.564,45910.70759,17589.23681,63499.9444,13730.37899,452957.2726,18772.72519,11930.46033,137185.5874,12025.67907
2019,E12000009,South West,1944.952,19.51,1964.462,23506.77293,11227.59427,34734.36721,12086.04271,575478.9479,17681.36376,10568.88008,146983.3553,10642.22002
2019,W92000004,Wales,1151.929,10.375,1162.304,14705.46249,9238.947085,23944.40957,12765.9452,890500.9238,20600.81491,11572.96768,152255.132,11643.48678
2019,S92000003,Scotland (inc unallocated),2096.043,23.838,2119.881,28850.61497,19139.04389,47989.65886,13764.324,802879.5993,22637.90225,12034.68781,158380.8111,12137.76016
2019,Unallocated Great Britain,Great Britain (unallocated),12.983,0.848,13.831,164.269474,1660.934344,1825.203818,12652.65917,1958648.99,131964.7038,9987.115956,228220.3977,10571.14625
2019,Unallocated England and Wales,England and Wales (unallocated),11.166,0.778,11.944,142.8956277,1626.924565,1769.820193,12797.3874,2091162.681,148176.5065,10035.76655,221696.7856,10691.32819
2019,Unallocated Scotland,Scotland (unallocated),1.817,0.07,1.887,21.37384634,34.00977827,55.38362461,11763.26161,485853.9753,29350.09253,9813.676908,290240.8006,10060.4559
2020,K03000001,Great Britain (inc unallocated),24155.856,265.988,24421.844,330866.9234,181444.4364,512311.3598,13697.17237,682152.7151,20977.5871,12144.43693,145470.8624,12239.34088
2020,K04000001,England and Wales (inc unallocated),22039.728,242.323,22282.051,301456.6015,161953.8609,463410.4624,13677.87304,668338.7912,20797.47786,12142.1914,144733.6871,12236.17584
2020,E92000001,England,20870.076,231.195,21101.271,286406.5998,149915.4457,436322.0455,13723.3137,648437.2313,20677.52438,12169.16944,144318.2717,12263.34505
2020,E12000001,North East,1142.551,11.159,1153.71,15837.3468,8754.171549,24591.51835,13861.39157,784494.2691,21315.16442,12669.29834,154281.9199,12747.34143
2020,E12000002,North West,2980.335,30.919,3011.254,40508.3868,25897.61099,66405.99779,13591.89044,837595.3617,22052.60592,12186.29878,149121.4026,12268.98449
2020,E12000003,Yorkshire and The Humber,2184.79,23.598,2208.388,31173.83436,20179.84125,51353.67562,14268.57243,855150.4896,23253.91898,12810.27943,145513.9926,12901.65434
2020,E12000004,East Midlands,1863.067,19.006,1882.073,25958.32448,15313.60224,41271.92672,13933.11377,805724.6258,21928.97232,12597.09558,146599.6602,12682.51982
2020,E12000005,West Midlands,2190.125,23.812,2213.937,30419.47308,15729.47271,46148.94579,13889.37758,660569.1547,20844.7421,12508.85709,151042.8413,12597.73153
2020,E12000006,East,2174.946,22.428,2197.374,30078.27372,13999.61674,44077.89047,13829.43472,624202.637,20059.34832,12285.63706,141001.5121,12373.73485
2020,E12000007,London,3001.113,41.069,3042.182,41856.73374,19893.71318,61750.44692,13947.07022,484397.3113,20298.0778,11977.91087,144357.7875,12118.21479
2020,E13000001,Inner London,1187.405,21.113,1208.518,14372.44074,11820.25914,26192.69988,12104.07632,559856.9194,21673.40485,9912.178162,156626.53,10073.40309
2020,E13000002,Outer London,1813.708,19.956,1833.664,27484.293,8073.45404,35557.74704,15153.64822,404562.7401,19391.6372,13401.8672,133217.8415,13517.96901
2020,E12000008,South East,3370.544,39.48,3410.024,46740.16902,18461.39579,65201.56481,13867.24784,467613.8751,19120.55892,12071.6441,135314.0026,12172.79865
2020,E12000009,South West,1962.605,19.724,1982.329,23834.0578,11686.02123,35520.07903,12144.09308,592477.2476,17918.35716,10620.57643,143967.6638,10697.66045
2020,W92000004,Wales,1158.703,10.38,1169.083,14912.45128,9800.354919,24712.8062,12869.95139,944157.5066,21138.6242,11708.70844,150270.3601,11779.86798
2020,S92000003,Scotland (inc unallocated),2116.128,23.665,2139.793,29410.32188,19490.57547,48900.89736,13898.17718,823603.4427,22853.09717,12170.26559,153352.4769,12273.37798
2020,Unallocated Great Britain,Great Britain (unallocated),12.688,0.818,13.506,157.061281,2272.682182,2429.743463,12378.72643,2778340.076,179901.0412,9585.257295,223156.767,10101.87277
2020,Unallocated England and Wales,England and Wales (unallocated),10.949,0.748,11.697,137.5504302,2238.060306,2375.610736,12562.83042,2992059.232,203095.7285,9692.180116,214765.2387,10270.76939
2020,Unallocated Scotland,Scotland (unallocated),1.739,0.07,1.809,19.51085072,34.62187627,54.132727,11219.58064,494598.2325,29924.11664,8970.778148,315395.4387,9213.042216
2021,K03000001,Great Britain (inc unallocated),24336.17,267.745,24603.915,315392.4774,180368.0344,495760.5118,12959.82389,673656.0323,20149.65959,11344.9043,147449.3886,11436.82123
2021,K04000001,England and Wales (inc unallocated),22199.705,243.709,22443.414,287113.5912,161310.2883,448423.8794,12933.21651,661897.1325,19980.19906,11330.75268,146731.7805,11422.01561
2021,E92000001,England,21023.908,232.37,21256.278,272844.4147,149519.1562,422363.5708,12977.81624,643452.9249,19870.06243,11358.38063,146294.7896,11450.00221
2021,E12000001,North East,1150.594,11.447,1162.041,15088.09582,8805.714848,23893.81067,13113.31001,769259.6181,20561.93427,11851.72063,155489.4166,11931.44072
2021,E12000002,North West,3000.609,31.07,3031.679,38401.70259,26033.83903,64435.54161,12797.96954,837909.2058,21254.07789,11332.86412,149286.3794,11416.53419
2021,E12000003,Yorkshire and The Humber,2199.924,23.921,2223.845,29436.6771,20081.95528,49518.63239,13380.77002,839511.5289,22267.12401,11867.03796,146713.837,11956.06075
2021,E12000004,East Midlands,1883.593,19.041,1902.634,24706.43464,15239.35818,39945.79283,13116.6524,800344.4242,20994.99579,11718.02054,148248.3313,11798.47826
2021,E12000005,West Midlands,2207.617,23.766,2231.383,29240.91094,15794.46606,45035.377,13245.46375,664582.4312,20182.71942,11782.53352,152128.413,11867.59882
2021,E12000006,East,2197.173,22.285,2219.458,28560.12626,13901.27626,42461.40252,12998.57875,623795.21,19131.42872,11402.65695,143986.3806,11485.74918
2021,E12000007,London,3001.51,41.891,3043.401,40285.99831,20126.41546,60412.41377,13421.91041,480447.2431,19850.29701,11417.50578,147478.3416,11557.10847
2021,E13000001,Inner London,1185.565,21.824,1207.389,13879.16859,12067.88452,25947.05311,11706.79683,552963.9168,21490.21824,9487.556075,159925.1522,9650.924847
2021,E13000002,Outer London,1815.945,20.067,1836.012,26406.82972,8058.530941,34465.36066,14541.64621,401581.2499,18771.86024,12728.67148,135832.5622,12843.25601
2021,E12000008,South East,3401.929,39.253,3441.182,44835.48113,18015.67979,62851.16092,13179.42883,458963.1313,18264.41058,11338.50431,137610.1861,11436.45186
2021,E12000009,South West,1980.959,19.696,2000.655,22288.98788,11520.45124,33809.43912,11251.61494,584913.2435,16899.18508,9707.581264,146486.2354,9775.655464
2021,W92000004,Wales,1164.594,10.58,1175.174,14133.91453,9468.62444,23602.53897,12136.34497,894955.051,20084.29302,10877.52555,152070.1065,10949.67341
2021,S92000003,Scotland (inc unallocated),2136.465,24.036,2160.501,28278.88626,19057.74611,47336.63237,13236.29746,792883.4296,21910.02567,11501.93166,157380.8191,11603.64798
2021,Unallocated Great Britain,Great Britain (unallocated),12.964,0.831,13.795,154.3646533,2358.148492,2512.513145,11907.17783,2837723.817,182132.1598,9212.133348,229343.6424,9739.616182
2021,Unallocated England and Wales,England and Wales (unallocated),11.203,0.759,11.962,135.2619583,2322.50766,2457.769618,12073.72653,3059957.391,205464.7733,9353.954348,216747.9096,9869.356288
2021,Unallocated Scotland,Scotland (unallocated),1.761,0.072,1.833,19.10269499,35.64083197,54.74352696,10847.64054,495011.5551,29865.53571,8511.277292,341037.5923,8790.712048
2022,K03000001,Great Britain (inc unallocated),24503.732,246.606,24750.338,275359.7176,172623.0693,447982.7869,11237.46038,699995.4148,18100.06744,9676.477178,150474.0217,9749.627094
2022,K04000001,England and Wales (inc unallocated),22349.693,224.408,22574.101,250709.2556,153645.6961,404354.9517,11217.57044,684671.2065,17912.33909,9661.878936,149419.8029,9734.336441
2022,E92000001,England,21168.252,213.855,21382.107,238427.5849,142452.1323,380879.7172,11263.45174,666115.5097,17813.01147,9690.962157,149077.8668,9765.499968
2022,E12000001,North East,1158.941,10.529,1169.47,13004.47899,8095.451194,21099.93018,11221.00175,768871.8011,18042.30137,9990.600903,156908.3735,10054.57382
2022,E12000002,North West,3018.594,28.406,3047,33061.04119,24104.53117,57165.57235,10952.46369,848571.8217,18761.26431,9545.277809,151519.2149,9613.198215
2022,E12000003,Yorkshire and The Humber,2213.793,21.633,2235.426,25304.21045,18929.63993,44233.85038,11430.25136,875035.3593,19787.66033,9968.810219,149398.4572,10034.56885
2022,E12000004,East Midlands,1903.656,17.626,1921.282,21556.60964,15115.95113,36672.56078,11323.79466,857593.9598,19087.54716,9962.850388,149891.639,10028.40853
2022,E12000005,West Midlands,2223.294,21.923,2245.217,25266.25059,15404.97773,40671.22832,11364.33175,702685.6603,18114.60911,9920.988182,153290.6424,9994.183907
2022,E12000006,East,2220.365,20.38,2240.745,25169.18499,13717.77639,38886.96138,11335.60698,673099.9212,17354.4787,9811.8912,146761.3055,9880.206616
2022,E12000007,London,3002.577,39.528,3042.105,35799.29453,19605.70213,55404.99666,11922.85644,495995.2977,18212.71674,9906.183497,150992.3332,10025.07768
2022,E13000001,Inner London,1185.012,20.94,1205.952,12384.59542,11907.21531,24291.81073,10451.02954,568634.9242,20143.26502,8212.690705,163338.8252,8356.562659
2022,E13000002,Outer London,1817.565,18.588,1836.153,23414.69911,7698.486816,31113.18592,12882.45488,414164.3434,16944.76763,11054.79543,139733.391,11148.07821
2022,E12000008,South East,3430.654,35.675,3466.329,39630.42842,16593.75773,56224.18616,11551.85817,465136.867,16220.09514,9799.255947,140792.679,9878.419453
2022,E12000009,South West,1996.378,18.155,2014.533,19636.0861,10884.34492,30520.43102,9835.855786,599523.2675,15150.12711,8367.120161,148151.172,8427.185633
2022,W92000004,Wales,1169.639,9.825,1179.464,12152.22344,8926.865613,21079.08905,10389.72148,908586.8308,17871.75281,9155.860136,154686.0586,9214.171421
2022,S92000003,Scotland (inc unallocated),2154.039,22.198,2176.237,24650.462,18977.37314,43627.83514,11443.83273,854913.6471,20047.37312,9836.722027,164119.0098,9919.812596
2022,Unallocated Great Britain,Great Britain (unallocated),13.568,0.8,14.368,146.7938569,2300.003422,2446.797279,10819.12271,2875004.277,170294.9108,8401.169678,218211.1827,8878.647392
2022,Unallocated England and Wales,England and Wales (unallocated),11.802,0.728,12.53,129.4472932,2266.698175,2396.145468,10968.25057,3113596.394,191232.679,8537.715359,215366.9853,8988.000679
2022,Unallocated Scotland,Scotland (unallocated),1.766,0.072,1.838,17.34656366,33.30524723,50.65181089,9822.516231,462572.8782,27558.11256,7739.936531,255426.9334,7905.103924
2023,K03000001,Great Britain (inc unallocated),24605.456,242.98,24848.436,281746.9663,162660.3093,444407.2756,11450.5891,669439.0869,17884.7182,9928.020102,148565.4998,10002.53279
2023,K04000001,England and Wales (inc unallocated),22439.062,221.273,22660.335,256615.4312,145034.9619,401650.3932,11436.10331,655457.1138,17724.82151,9919.009919,147410.2033,9991.78541
2023,E92000001,England,21253.234,210.834,21464.068,243905.0393,133728.4361,377633.4755,11476.13767,634283.0669,17593.75135,9941.759942,147104.0119,10016.11789
2023,E12000001,North East,1164.712,10.292,1175.004,13399.54551,7502.297592,20901.84311,11504.59986,728944.5776,17788.74209,10321.50872,156581.8443,10379.35939
2023,E12000002,North West,3029.515,27.655,3057.17,34186.96788,22947.42848,57134.39636,11284.63397,829775.0309,18688.65531,9907.51997,150565.8376,9975.440375
2023,E12000003,Yorkshire and The Humber,2221.657,21.171,2242.828,26109.84095,17236.41963,43346.26058,11752.41765,814152.3608,19326.60934,10318.64157,147888.6047,10389.65975
2023,E12000004,East Midlands,1917.392,17.201,1934.593,21965.14252,13716.20035,35681.34287,11455.73911,797407.1479,18443.84988,10133.69887,147162.9534,10191.31057
2023,E12000005,West Midlands,2232.152,21.423,2253.575,26017.02022,14546.10834,40563.12856,11655.57732,678994.9279,17999.458,10258.282,151893.9889,10329.49946
2023,E12000006,East,2233.414,19.989,2253.403,25673.10521,12853.01294,38526.11815,11495.00505,643004.2995,17096.86113,10018.12011,145571.0289,10084.19345
2023,E12000007,London,3001.605,39.704,3041.309,36092.16426,18881.37315,54973.53741,12024.28843,475553.4241,18075.61725,10044.4136,148929.8395,10166.06737
2023,E13000001,Inner London,1183.32,21.186,1204.506,12439.0727,11366.11591,23805.18861,10512.01087,536491.8301,19763.44544,8284.626682,160374.8964,8430.496858
2023,E13000002,Outer London,1818.285,18.518,1836.803,23653.09156,7515.257237,31168.3488,13008.46213,405835.2542,16968.8033,11242.99374,137295.3971,11337.90926
2023,E12000008,South East,3446.322,35.692,3482.014,40406.68966,15584.18329,55990.87295,11724.58338,436629.5891,16080.02522,10003.52995,138344.0419,10084.59448
2023,E12000009,South West,2006.465,17.707,2024.172,20054.56311,10461.41235,30515.97546,9994.972805,590806.5934,15075.78183,8554.324213,147411.5241,8613.388594
2023,W92000004,Wales,1173.232,9.721,1182.953,12571.96016,8827.037603,21398.99776,10715.66422,908038.0211,18089.47419,9515.611117,151459.4072,9571.542694
2023,S92000003,Scotland (inc unallocated),2166.394,21.707,2188.101,25131.53505,17625.34739,42756.88244,11600.62992,811966.0658,19540.63475,10040.94463,163523.1425,10120.03083
2023,Unallocated Great Britain,Great Britain (unallocated),14.58,0.788,15.368,158.9954395,2512.684379,2671.679819,10905.037,3188685.76,173846.9429,8877.908794,218250.9087,9150.073692
2023,Unallocated England and Wales,England and Wales (unallocated),12.596,0.718,13.314,138.4317581,2479.488207,2617.919965,10990.1364,3453326.194,196629.1096,8887.090489,212167.2878,9160.637058
2023,Unallocated Scotland,Scotland (unallocated),1.984,0.07,2.054,20.56368144,33.19617174,53.75985317,10364.75879,474231.0248,26173.24887,8757.045179,259138.3779,9008.319068
2024,K03000001,Great Britain (inc unallocated),24702.708,233.229,24935.937,280605.4646,157399.279,438004.7436,11359.29974,674870.1021,17565.20092,9859.286639,148289.3443,9929.021214
2024,K04000001,England and Wales (inc unallocated),22525.093,212.403,22737.496,255520.9063,140762.1457,396283.0519,11343.83358,662712.6061,17428.61448,9850.521734,147039.2502,9919.738597
2024,E92000001,England,21330.911,202.502,21533.413,242971.9274,130134.0055,373105.9329,11390.60246,642630.7171,17326.8368,9881.399368,146716.1191,9950.831533
2024,E12000001,North East,1170.949,10.045,1180.994,13471.17195,7193.333057,20664.505,11504.49076,716110.8071,17497.55291,10325.22846,154684.0894,10381.32778
2024,E12000002,North West,3040.306,26.836,3067.142,33841.19283,22208.67585,56049.86869,11130.85092,827570.2733,18274.29858,9776.600928,149560.3953,9836.646504
2024,E12000003,Yorkshire and The Humber,2230.332,20.348,2250.68,25872.38668,16635.04432,42507.431,11600.24009,817527.2418,18886.48364,10191.60905,147473.2802,10257.62595
2024,E12000004,East Midlands,1931.236,16.364,1947.6,22034.49778,13664.95388,35699.45166,11409.5314,835061.9579,18329.97107,10123.76582,147207.1226,10185.35074
2024,E12000005,West Midlands,2240.399,20.729,2261.128,25818.36761,14360.33794,40178.70555,11524.00426,692765.5911,17769.31936,10157.39059,151930.5867,10222.67327
2024,E12000006,East,2244.616,19.168,2263.784,25690.77227,12740.98545,38431.75772,11445.50884,664700.8266,16976.7777,9982.080109,144833.0949,10041.14567
2024,E12000007,London,2998.751,38.266,3037.017,35792.91871,18539.79199,54332.7107,11935.94223,484497.7783,17890.15692,9990.34875,148224.8303,10106.00565
2024,E13000001,Inner London,1180.908,20.55,1201.458,12334.8172,11158.10175,23492.91895,10445.19742,542973.3212,19553.67474,8238.672211,158316.4326,8378.155769
2024,E13000002,Outer London,1817.843,17.716,1835.559,23458.10151,7381.690235,30839.79175,12904.36056,416667.997,16801.3078,11175.0542,137599.9992,11264.97417
2024,E12000008,South East,3460.481,33.687,3494.168,40478.81424,15006.79272,55485.60697,11697.45311,445477.2678,15879.49033,10007.09369,138402.5828,10081.63249
2024,E12000009,South West,2013.841,17.059,2030.9,19971.8053,9784.090285,29755.89558,9917.27018,573544.1869,14651.58087,8487.251104,145451.5536,8544.313301
2024,W92000004,Wales,1175.74,9.186,1184.926,12349.65317,8360.766532,20710.4197,10503.72801,910164.0031,17478.2389,9326.840685,150009.7159,9382.186989
2024,S92000003,Scotland (inc unallocated),2177.615,20.826,2198.441,25084.55829,16637.13337,41721.69166,11519.28063,798863.6018,18977.8537,9966.863882,164453.8732,10041.94572
2024,Unallocated Great Britain,Great Britain (unallocated),21.117,0.784,21.901,226.7456234,2296.743463,2523.489086,10737.58694,2929519.723,115222.5509,9180.35017,215156.3906,9401.361726
2024,Unallocated England and Wales,England and Wales (unallocated),18.442,0.715,19.157,199.3257285,2267.373653,2466.699381,10808.24902,3171151.962,128762.3,9188.198901,212124.8549,9438.139056
2024,Unallocated Scotland,Scotland (unallocated),2.675,0.069,2.744,27.41989496,29.36981018,56.78970514,10250.42802,425649.4229,20695.95668,8636.413691,280694.3999,8776.566457
